,city,15,24,27,coordinates
0,Абаза,55.0,,,"[90.088581, 52.651662]"
1,Абакан,531.0,,,"[91.442396, 53.721152]"
2,Абзелилово,63.0,,,"[58.661183, 53.467766]"
3,Авторемзавод,116.0,,,"[31.684901, 54.759711]"
4,Агроном,77.0,,,"[39.020525, 53.040294]"
5,Азнакаево,57.0,,,"[53.079923, 54.858233]"
6,Азов,797.0,,212.0,"[39.423581, 47.112448]"
7,Айхал,51.0,,,"[111.502199, 65.942105]"
8,Ак-Довурак,87.0,,,"[90.601061, 51.19084]"
9,Акбулак,60.0,,,"[55.619263, 51.004293]"
10,Аксай,68.0,,,"[39.862283, 47.269914]"
11,Алапаевск,105.0,,,"[61.694524, 57.852511]"
12,Алатырь,99.0,,,"[46.591949, 54.840526]"
13,Алдан,100.0,,,"[125.388878, 58.608597]"
14,Алейск,67.0,,,"[82.779457, 52.492167]"
15,Александров,100.0,,,"[38.727621, 56.397774]"
16,Александров Гай,64.0,,,"[48.585724, 50.143774]"
17,Александровск,40.0,,,"[57.584669, 59.16293]"
18,Алексеевка,68.0,,,"[38.686568, 50.630035]"
19,Алексин,248.0,,,"[37.066034, 54.502429]"
20,Алтайское,102.0,,,"[85.338182, 51.952237]"
21,Альметьевск,2633.0,,353.0,"[52.29723, 54.901171]"
22,Амурск,57.0,,,"[136.910607, 50.226797]"
23,Ангарск,1502.0,,,"[103.888249, 52.544358]"
24,Анжеро-Судженск,144.0,,,"[86.018216, 56.08318]"
25,Апатиты,52.0,,,"[33.407187, 67.568023]"
26,Апшеронск,270.0,,,"[39.727095, 44.465535]"
27,Аргун,157.0,,,"[45.867439, 43.292662]"
28,Арзамас,2192.0,,,"[43.814133, 55.386799]"
29,Армавир,546.0,,,"[41.129644, 44.997655]"
30,Армянск,147.0,,,"[33.691315, 46.110727]"
31,Арсеньев,189.0,485.0,30.0,"[133.268729, 44.163345]"
32,Артем,192.0,,,"[132.180339, 43.353047]"
33,Артемовский,65.0,,,"[61.895513, 57.337669]"
34,Арти,21.0,,,"[58.532544, 56.416794]"
35,Архангельск,2078.0,,455.0,"[40.515762, 64.539911]"
36,Асбест,92.0,,,"[61.461474, 57.014317]"
37,Асино,67.0,,,"[86.153906, 56.997519]"
38,Астрахань,4443.0,,,"[48.030178, 46.347614]"
39,Аткарск,60.0,,,"[45.003655, 51.877724]"
40,Атяшево,19.0,,,"[46.077537, 54.588027]"
41,Ахтубинск,,1087.0,,"[46.164422, 48.284884]"
42,Ахтырский,120.0,,,"[38.299825, 44.85036]"
43,Ачинск,467.0,,,"[90.49524, 56.269501]"
44,Байкальск,50.0,,,"[104.149928, 51.522826]"
45,Баймак,218.0,,,"[58.308136, 52.597811]"
46,Бакал,39.0,,,"[58.80918, 54.938064]"
47,Баксан,90.0,,,"[43.534622, 43.681946]"
48,Балаково,618.0,,566.0,"[47.819676, 52.01843]"
49,Балахна,208.0,,,"[43.601331, 56.504919]"
50,Балашиха,128.0,,,"[37.938118, 55.797007]"
51,Балашов,213.0,,,"[43.146478, 51.554601]"
52,Баранчинский,46.0,,,"[59.696581, 58.162281]"
53,Барда,26.0,,,"[55.591451, 56.927192]"
54,Барнаул,5064.0,,1249.0,"[83.776856, 53.346785]"
55,Барыш,51.0,,,"[47.118038, 53.653474]"
56,Батайск,119.0,,,"[39.744469, 47.138333]"
57,Бахчисарай,113.0,,,"[33.848035, 44.744997]"
58,Бегуницы,56.0,,,"[29.30494, 59.58506]"
59,Бежецк,88.0,,,"[36.693188, 57.781318]"
60,Белая Калитва,142.0,,,"[40.802388, 48.177644]"
61,Белая Холуница,29.0,,,"[50.85273, 58.84356]"
62,Белгород,8799.0,,2208.0,"[36.587277, 50.595414]"
63,Белебей,271.0,,,"[54.110111, 54.103214]"
64,Белово,173.0,,189.0,"[86.303701, 54.42212]"
65,Белорецк,359.0,,120.0,"[58.410023, 53.967621]"
66,Белореченск,87.0,,,"[39.86849, 44.766017]"
67,Белоярский,129.0,,,"[66.667597, 63.716043]"
68,Белоярский,129.0,,,"[61.393211, 56.750981]"
69,Белый Яр,14.0,,,"[85.047236, 58.442558]"
70,Бердск,173.0,,,"[83.107135, 54.758288]"
71,Березники,1556.0,,,"[56.806719, 59.407024]"
72,Березовка,106.0,,,"[93.126603, 56.037136]"
73,Березовский,188.0,,,"[60.816457, 56.909583]"
74,Березовский,188.0,,,"[86.274523, 55.669361]"
75,Бийск,1203.0,1076.0,,"[85.220656, 52.541811]"
76,Бирюч,66.0,,79.0,"[38.40023, 50.649337]"
77,Бисерть,19.0,,,"[59.050629, 56.862243]"
78,Благовещенка,57.0,,,"[79.868718, 52.833975]"
79,Благовещенск,1696.0,2472.0,91.0,"[55.955224, 55.049854]"
80,Благовещенск,1696.0,2472.0,91.0,"[127.534611, 50.257456]"
81,Благодарный,106.0,,,"[43.44003, 45.095656]"
82,Богданович,73.0,,,"[62.057129, 56.773977]"
83,Богородицк,69.0,,,"[38.131696, 53.770699]"
84,Богородск,90.0,,,"[43.516764, 56.103362]"
85,Болохово,105.0,,,"[37.826799, 54.082113]"
86,Большая Глушица,31.0,,,"[50.471907, 52.392769]"
87,Большеречье,48.0,,,"[74.639032, 56.095328]"
88,Большой Камень,152.0,,131.0,"[132.350345, 43.111725]"
89,Бор,163.0,,,"[44.064575, 56.356522]"
90,Бор,163.0,,,"[33.792357, 59.473563]"
91,Борисовка,86.0,,,"[36.009085, 50.607918]"
92,Борисоглебск,855.0,,,"[42.075183, 51.366308]"
93,Боровичи,107.0,,,"[33.910459, 58.390115]"
94,Борское,35.0,,,"[51.698871, 53.025456]"
95,Братск,1505.0,,588.0,"[101.633505, 56.151682]"
96,Бреды,64.0,,,"[60.337259, 52.422348]"
97,Бронницы,182.0,,,"[38.264243, 55.42565]"
98,Брянск,8811.0,,2190.0,"[34.363991, 53.2434]"
99,Бугульма,798.0,,,"[52.798634, 54.541877]"
100,Бугуруслан,295.0,,,"[52.432606, 53.6523]"
101,Буденновск,90.0,,,"[44.165024, 44.781528]"
102,Буй,133.0,,,"[41.533113, 58.481724]"
103,Буйнакск,181.0,,,"[47.115927, 42.821755]"
104,Бутурлиновка,178.0,,,"[40.584825, 50.835367]"
105,Валдай,17.0,,,"[33.246406, 57.98069]"
106,Валуйки,94.0,,,"[38.100111, 50.211332]"
107,Ванино,72.0,,,"[140.256337, 49.09088]"
108,Ванновское,29.0,,,"[40.230511, 45.322477]"
109,Варгаши,39.0,,,"[65.815761, 55.375496]"
110,Варна,34.0,,,"[60.983202, 53.383575]"
111,Великие Луки,211.0,,,"[30.515671, 56.343703]"
112,Великий Новгород,1450.0,,60.0,"[31.269816, 58.522857]"
113,Великий Устюг,96.0,,,"[46.297849, 60.761156]"
114,Верхнеднепровский,55.0,,,"[33.344969, 54.981397]"
115,Верхнеяркеево,54.0,,,"[54.306914, 55.451624]"
116,Верхние Киги,27.0,,,"[58.600241, 55.407627]"
117,Верхние Серги,54.0,,,"[59.558932, 56.649241]"
118,Верхний Уфалей,37.0,,,"[60.221107, 56.054673]"
119,Верхняя Пышма,1044.0,,,"[60.573462, 56.970236]"
120,Верхняя Салда,403.0,,,"[60.546253, 58.050898]"
121,Верхняя Тура,38.0,,,"[59.820153, 58.359818]"
122,Вичуга,71.0,,,"[41.918158, 57.217138]"
123,Владивосток,6346.0,41.0,2324.0,"[131.885494, 43.115542]"
124,Владикавказ,2404.0,,546.0,"[44.681771, 43.024616]"
125,Владикавказ,2404.0,,546.0,"[44.681771, 43.024616]"
126,Владимир,3989.0,,2129.0,"[40.406635, 56.129057]"
127,Вознесенская,112.0,,,"[41.029275, 44.548519]"
128,Волгоград,8716.0,1378.0,3159.0,"[44.516975, 48.707067]"
129,Волгодонск,2134.0,,474.0,"[42.206329, 47.519624]"
130,Волжск,120.0,,,"[48.378168, 55.860428]"
131,Волжский,2238.0,,695.0,"[44.751229, 48.786127]"
132,Волжский,2238.0,,695.0,"[44.571503, 56.046519]"
133,Вологда,1873.0,,455.0,"[39.891523, 59.220501]"
134,Волхов,188.0,,,"[32.352681, 59.900543]"
135,Вольск,100.0,,,"[47.387299, 52.045978]"
136,Воркута,77.0,,,"[64.050113, 67.493504]"
137,Воронеж,13831.0,4534.0,6742.0,"[39.200296, 51.660781]"
138,Воскресенск,106.0,,100.0,"[38.673362, 55.322978]"
139,Воткинск,997.0,442.0,,"[53.985236, 57.05232]"
140,Выборг,79.0,,,"[28.749781, 60.710496]"
141,Выкса,1071.0,,519.0,"[42.16797, 55.320688]"
142,Выльгорт,58.0,,,"[50.768369, 61.626965]"
143,Вытегра,82.0,,,"[36.449511, 61.006359]"
144,Вышний Волочек,79.0,,,"[34.558836, 57.584174]"
145,Вязники,107.0,,,"[42.158862, 56.247026]"
146,Вязьма,487.0,,15.0,"[34.298037, 55.205944]"
147,Вятские Поляны,99.0,,,"[51.074919, 56.222896]"
148,Гаврилов-Ям,82.0,,,"[39.853847, 57.303956]"
149,Галич,68.0,,,"[42.34749, 58.381203]"
150,Гатчина,181.0,,,"[30.122892, 59.56841]"
151,Геленджик,,,24.0,"[38.077115, 44.561012]"
152,Георгиевск,288.0,,,"[43.474274, 44.147959]"
153,Глазов,473.0,,,"[52.674253, 58.140801]"
154,Горно-Алтайск,165.0,,,"[85.960634, 51.957804]"
155,Горнозаводск,45.0,,,"[58.330917, 58.374682]"
156,Горнозаводск,45.0,,,"[141.846759, 46.560619]"
157,Горный,78.0,,,"[48.538553, 51.756147]"
158,Городец,109.0,,,"[43.47236, 56.644822]"
159,Городовиковск,68.0,,,"[41.936052, 46.083105]"
160,Грозный,2766.0,,997.0,"[45.692421, 43.318366]"
161,Губаха,161.0,,,"[57.554584, 58.837022]"
162,Губкин,109.0,,,"[37.534757, 51.283644]"
163,Гуково,95.0,,,"[39.934929, 48.061025]"
164,Гулькевичи,146.0,,,"[40.695236, 45.360342]"
165,Гусев,209.0,,,"[22.201117, 54.591841]"
166,Гусиноозерск,148.0,,,"[106.529323, 51.285526]"
167,Гусь-Хрустальный,177.0,,,"[40.671045, 55.614556]"
168,Дагестанские Огни,79.0,,,"[48.193923, 42.115189]"
169,Дальнегорск,83.0,,,"[135.576366, 44.558764]"
170,Дальнереченск,79.0,,,"[133.726941, 45.931182]"
171,Данков,65.0,,,"[39.134423, 53.246197]"
172,Двинской,4.0,,,"[45.117804, 62.154774]"
173,Дербент,236.0,,,"[48.288776, 42.057669]"
174,Десногорск,104.0,,,"[33.287881, 54.152351]"
175,Дзержинск,3086.0,,,"[43.461634, 56.238382]"
176,Дивногорск,115.0,,,"[92.380148, 55.957726]"
177,Димитровград,620.0,,,"[49.623924, 54.217515]"
178,Динская,244.0,,,"[39.223068, 45.218577]"
179,Дмитров,132.0,,,"[37.517608, 56.342905]"
180,Добрянка,65.0,,,"[56.403986, 58.468068]"
181,Долгое Ледово,209.0,,,"[37.975596, 55.854966]"
182,Долгопрудный,160.0,,2572.0,"[37.51423, 55.933302]"
183,Долинск,141.0,,,"[142.79821, 47.324133]"
184,Домашка,35.0,,,"[50.773534, 52.985211]"
185,Домодедово,283.0,,,"[37.768004, 55.437174]"
186,Донецк,146.0,,,"[39.944856, 48.337126]"
187,Донской,141.0,,,"[38.33741, 53.968352]"
188,Дубна,648.0,515.0,2102.0,"[37.162189, 56.736345]"
189,Дудинка,35.0,,,"[86.164992, 69.405769]"
190,Дюртюли,157.0,,,"[54.873472, 55.48529]"
191,Дятьково,185.0,,85.0,"[34.339656, 53.597311]"
192,Евпатория,121.0,,,"[33.367643, 45.190635]"
193,Егорьевск,2686.0,,,"[39.035842, 55.383055]"
194,Ейск,107.0,,,"[38.27266, 46.711944]"
195,Екатеринбург,7850.0,141.0,13211.0,"[60.597474, 56.838011]"
196,Елец,683.0,,,"[38.500446, 52.621938]"
197,Елизово,126.0,,,"[158.382659, 53.189231]"
198,Ершов,76.0,,,"[48.266498, 51.349829]"
199,Ессентуки,25.0,,,"[42.85891, 44.044526]"
200,Ефремов,102.0,,,"[38.117673, 53.137603]"
201,Жатай,156.0,,,"[129.841386, 62.163942]"
202,Железногорск,303.0,,,"[93.532264, 56.252922]"
203,Железногорск,303.0,,,"[35.350871, 52.339203]"
204,Железногорск-Илимский,56.0,,,"[104.114292, 56.584848]"
205,Жердевка,83.0,,,"[41.469638, 51.844163]"
206,Жигулевск,43.0,,,"[49.494657, 53.40172]"
207,Жирнов,69.0,,,"[41.124739, 48.17071]"
208,Жирновск,242.0,,,"[44.778843, 50.978718]"
209,Жуковка,47.0,,,"[33.732547, 53.533067]"
210,Жуковский,,3536.0,,"[38.119811, 55.59748]"
211,Заволжье,232.0,,,"[43.387164, 56.640441]"
212,Заинск,94.0,,,"[52.000427, 55.283928]"
213,Закаменск,41.0,,,"[103.286764, 50.372602]"
214,Заречный,193.0,,,"[45.169071, 53.196088]"
215,Заречный,193.0,,,"[61.320349, 56.814966]"
216,Заринск,85.0,,,"[84.931488, 53.706337]"
217,Зверево,73.0,,,"[40.12301, 48.021693]"
218,Зеленогорск,78.0,,,"[94.588844, 56.113291]"
219,Зеленодольск,692.0,,,"[48.492802, 55.847048]"
220,Зима,129.0,,,"[102.049065, 53.920725]"
221,Зимовники,60.0,,,"[42.46772, 47.145376]"
222,Златоуст,873.0,,,"[59.672425, 55.173113]"
223,Зырянское,50.0,,,"[86.625504, 56.829069]"
224,Иваново,3932.0,136.0,4193.0,"[40.97393, 57.000353]"
225,Ивантеевка,108.0,,,"[37.907414, 55.976201]"
226,Ивантеевка,108.0,,,"[49.100323, 52.265172]"
227,Игарка,22.0,,,"[86.567662, 67.46694]"
228,Иглино,68.0,,,"[56.416176, 54.834496]"
229,Игрим,78.0,,,"[64.421944, 63.196228]"
230,Ижевск,8189.0,1091.0,2088.0,"[53.2069, 56.852676]"
231,Инза,57.0,,,"[46.351649, 53.85704]"
232,Инсар,19.0,,,"[44.372248, 53.866513]"
233,Ипатово,70.0,,,"[42.911156, 45.717425]"
234,Ирбит,137.0,,,"[63.054079, 57.68507]"
235,Иркутск,8636.0,3647.0,2841.0,"[104.280606, 52.289588]"
236,Ирша,119.0,,,"[94.799841, 55.927644]"
237,Исилькуль,59.0,,,"[71.262453, 54.913914]"
238,Искитим,135.0,,,"[83.306391, 54.642587]"
239,Истра,58.0,,,"[36.859017, 55.91466]"
240,Исянгулово,27.0,,,"[56.573839, 52.192177]"
241,Ишим,139.0,,,"[69.457073, 56.109175]"
242,Ишимбай,1838.0,,,"[56.04395, 53.454626]"
243,Йошкар-Ола,4144.0,,2727.0,"[47.886178, 56.6316]"
244,Кадом,60.0,,,"[42.467244, 54.559078]"
245,Казанская,41.0,,,"[41.137046, 49.794468]"
246,Казань,16362.0,13598.0,16691.0,"[49.106414, 55.796127]"
247,Калачинск,54.0,,,"[74.581782, 55.052613]"
248,Калининград,2940.0,,,"[20.510137, 54.710162]"
249,Калиновка,138.0,,,"[34.51118, 51.896474]"
250,Калиновка,138.0,,,"[35.746525, 45.321463]"
251,Калиновская,68.0,,,"[45.521372, 43.574286]"
252,Калтан,37.0,,,"[87.27716, 53.521088]"
253,Калуга,5828.0,,3663.0,"[36.261224, 54.513845]"
254,Калязин,95.0,,,"[37.828308, 57.241069]"
255,Камбарка,75.0,,,"[54.193475, 56.266957]"
256,Каменка,103.0,,92.0,"[44.046878, 53.185557]"
257,Каменск-Уральский,788.0,,127.0,"[61.917764, 56.41524]"
258,Каменск-Шахтинский,937.0,,343.0,"[40.269534, 48.323133]"
259,Камень-на-Оби,84.0,,,"[81.354558, 53.791492]"
260,Камызяк,63.0,,,"[48.067548, 46.114432]"
261,Камышин,857.0,,,"[45.402166, 50.085287]"
262,Камышлов,94.0,,,"[62.707464, 56.843988]"
263,Канаш,363.0,,,"[47.491764, 55.506943]"
264,Кандалакша,83.0,,,"[32.412832, 67.151256]"
265,Канск,221.0,,,"[95.705064, 56.20505]"
266,Карабаш,29.0,,,"[60.203087, 55.488371]"
267,Каран,46.0,,,"[55.917054, 52.926812]"
268,Карасук,134.0,,,"[78.04936, 53.731934]"
269,Карачев,310.0,,,"[34.982805, 53.121594]"
270,Каргинская,67.0,,,"[41.637632, 49.353477]"
271,Карпинск,89.0,,,"[60.001074, 59.766633]"
272,Карсун,53.0,,,"[46.980766, 54.200786]"
273,Карталы,512.0,,,"[60.639462, 53.053308]"
274,Касимов,166.0,,,"[41.391368, 54.937288]"
275,Касли,39.0,,,"[60.757411, 55.897337]"
276,Каспийск,395.0,,,"[47.635665, 42.890853]"
277,Катав-Ивановск,82.0,,,"[58.205836, 54.753513]"
278,Катайск,40.0,,,"[62.58365, 56.283235]"
279,Кашира,,,110.0,"[38.15154, 54.834589]"
280,Кемерово,6879.0,,2149.0,"[86.086847, 55.355198]"
281,Кемля,69.0,,,"[45.244063, 54.695216]"
282,Керчь,500.0,,,"[36.467378, 45.356219]"
283,Кизел,39.0,,,"[57.653875, 59.04943]"
284,Кизильское,64.0,,,"[58.899641, 52.722801]"
285,Кизляр,276.0,,,"[46.710338, 43.850312]"
286,Ким,81.0,,,"[54.612188, 53.897122]"
287,Кимры,143.0,,61.0,"[37.358274, 56.872659]"
288,Кингисепп,103.0,,,"[28.601209, 59.378053]"
289,Кинешма,89.0,,,"[42.169525, 57.443126]"
290,Киржач,82.0,,,"[38.871585, 56.161945]"
291,Кириши,137.0,,,"[32.008716, 59.449695]"
292,Киров,7884.0,,4079.0,"[34.307999, 54.079614]"
293,Киров,7884.0,,4079.0,"[49.668023, 58.603595]"
294,Кировград,30.0,,,"[60.062321, 57.431916]"
295,Кирово-Чепецк,68.0,,,"[50.043941, 58.556581]"
296,Кировск,242.0,,,"[30.981457, 59.87533]"
297,Кировск,242.0,,,"[33.668237, 67.61206]"
298,Кирс,25.0,,,"[52.241516, 59.339991]"
299,Киселевск,159.0,,,"[86.636688, 54.006025]"
300,Кисловодск,139.0,,34.0,"[42.715718, 43.905518]"
301,Кичкасс,65.0,,,"[54.407956, 52.31639]"
302,Клинцы,121.0,,,"[32.233852, 52.753143]"
303,Ковров,3004.0,,848.0,"[41.310933, 56.362506]"
304,Ковылкино,68.0,,,"[43.91505, 54.0379]"
305,Когалым,61.0,,,"[74.482761, 62.264069]"
306,Кодинск,51.0,,,"[99.179712, 58.603412]"
307,Кожевниково,27.0,,,"[83.968862, 56.259493]"
308,Козулька,33.0,,,"[91.391983, 56.165469]"
309,Коломна,998.0,,498.0,"[38.765556, 55.095956]"
310,Колышлей,44.0,,,"[44.530944, 52.697617]"
311,Кольчугино,87.0,,,"[39.376501, 56.293647]"
312,Коммунар,74.0,,,"[30.393483, 59.621609]"
313,Коммунар,74.0,,,"[37.738602, 51.850795]"
314,Комсомольск-на-Амуре,2495.0,2513.0,1435.0,"[137.008685, 50.550055]"
315,Комсомольский,56.0,,,"[45.827967, 54.440497]"
316,Конаково,51.0,,,"[36.779354, 56.713242]"
317,Копейск,207.0,,,"[61.611574, 55.115697]"
318,Кораблино,56.0,,,"[40.034463, 53.926817]"
319,Кореновск,213.0,,,"[39.448033, 45.462742]"
320,Коркино,214.0,,,"[61.393049, 54.892493]"
321,Королев,540.0,389.0,,"[37.815211, 55.918953]"
322,Королёв,1552.0,1382.0,3054.0,"[37.815211, 55.918953]"
323,Коряжма,59.0,,,"[47.159864, 61.315335]"
324,Костомукша,85.0,,,"[30.596637, 64.587358]"
325,Кострома,2410.0,,1029.0,"[40.926894, 57.767918]"
326,Котлас,120.0,,,"[46.633226, 61.252975]"
327,Котовск,61.0,,,"[41.50575, 52.59292]"
328,Красная Пойма,92.0,,,"[39.081889, 55.003105]"
329,Красноармейск,39.0,,,"[38.141578, 56.120342]"
330,Красноармейск,39.0,,,"[45.695178, 51.023973]"
331,Красноармейское,37.0,,,"[50.034823, 52.710292]"
332,Красноборск,49.0,,,"[45.944111, 61.55949]"
333,Красновишерск,10.0,,,"[57.083301, 60.412825]"
334,Красногорск,152.0,,,"[37.330399, 55.831003]"
335,Краснодар,6248.0,,5076.0,"[38.975313, 45.03547]"
336,Красное Поле,78.0,,,"[40.693691, 44.894224]"
337,Краснокаменск,155.0,,73.0,"[118.034146, 50.098683]"
338,Краснокамск,108.0,,,"[55.736376, 58.078362]"
339,Красномайский,98.0,,,"[34.414818, 57.62227]"
340,Краснотурьинск,64.0,,,"[60.193574, 59.763534]"
341,Красноуральск,53.0,,,"[60.038749, 58.356726]"
342,Красноуфимск,147.0,,,"[57.770791, 56.617928]"
343,Красноярск,8199.0,1026.0,8148.0,"[92.852572, 56.010569]"
344,Красные Баки,24.0,,,"[45.166619, 57.127364]"
345,Красный Октябрь,19.0,,,"[64.811292, 55.652695]"
346,Красный Сулин,137.0,,,"[40.057495, 47.893519]"
347,Красный Яр,32.0,,,"[48.021312, 56.033435]"
348,Красный Яр,32.0,,,"[50.389343, 53.498062]"
349,Красный Яр,32.0,,,"[48.349233, 46.534259]"
350,Кропоткин,232.0,,,"[40.576003, 45.434693]"
351,Крымск,398.0,,,"[37.987894, 44.935414]"
352,Кстово,217.0,,,"[44.206805, 56.150665]"
353,Кубанский,72.0,,,"[40.58009, 45.92922]"
354,Кудымкар,197.0,,,"[54.664183, 59.014548]"
355,Кузнецк,239.0,,,"[46.601174, 53.119335]"
356,Куйбышев,116.0,,,"[78.311111, 55.445972]"
357,Кулебаки,102.0,,,"[42.512492, 55.429716]"
358,Кулун,42.0,,,"[89.783666, 55.332673]"
359,Кумертау,1197.0,488.0,,"[55.796698, 52.756185]"
360,Кунгур,69.0,,,"[56.944215, 57.42881]"
361,Курган,2498.0,,1345.0,"[65.341118, 55.441004]"
362,Курск,4401.0,,549.0,"[36.193015, 51.730846]"
363,Кущевская,74.0,,,"[39.628191, 46.565699]"
364,Кызыл,444.0,,,"[94.43799, 51.71989]"
365,Кыштым,102.0,,,"[60.538958, 55.707882]"
366,Лабинск,124.0,,,"[40.723578, 44.635715]"
367,Лабытнанги,126.0,,,"[66.37993, 66.660883]"
368,Лагань,77.0,,,"[47.354142, 45.392903]"
369,Лангепас,90.0,,,"[75.180725, 61.253706]"
370,Ленинградская,100.0,,,"[39.392886, 46.320553]"
371,Лениногорск,983.0,,,"[52.442676, 54.599028]"
372,Ленинск,105.0,,,"[45.199228, 48.693682]"
373,Ленск,156.0,,,"[114.911853, 60.713735]"
374,Лесной,837.0,,268.0,"[59.79863, 58.635513]"
375,Лесосибирск,754.0,,,"[92.503666, 58.221733]"
376,Ливны,807.0,,,"[37.60805, 52.426549]"
377,Ликино-Дулево,277.0,,,"[38.958712, 55.707086]"
378,Липецк,4534.0,,1856.0,"[39.599229, 52.608826]"
379,Лиски,215.0,,150.0,"[39.497099, 50.987304]"
380,Луга,62.0,,,"[29.847945, 58.735207]"
381,Луховицы,108.0,,,"[39.02605, 54.96515]"
382,Лысково,67.0,,,"[45.040971, 56.021362]"
383,Лысьва,790.0,,112.0,"[57.811664, 58.100417]"
384,Лыткарино,112.0,,,"[37.908986, 55.579302]"
385,Люберцы,95.0,,,"[37.893328, 55.676748]"
386,Любим,40.0,,,"[40.686882, 58.362004]"
387,Лянтор,115.0,,,"[72.155361, 61.620667]"
388,Магадан,101.0,,,"[150.808586, 59.565155]"
389,Магнитогорск,4564.0,,2407.0,"[58.980291, 53.407163]"
390,Майкоп,1040.0,,1782.0,"[40.105852, 44.606683]"
391,Майский,85.0,,,"[44.051756, 43.628254]"
392,Майский,85.0,,,"[36.455233, 50.523238]"
393,Максатиха,21.0,,,"[35.869864, 57.795725]"
394,Малояз,54.0,,,"[58.155889, 55.179724]"
395,Мангут,24.0,,,"[112.672713, 49.695882]"
396,Массандра,148.0,,,"[34.186035, 44.514701]"
397,Махачкала,651.0,,322.0,"[47.504745, 42.9831]"
398,Мегион,79.0,,,"[76.102621, 61.03289]"
399,Медвенка,28.0,,,"[36.109148, 51.419546]"
400,Медногорск,133.0,,,"[57.582944, 51.403446]"
401,Междуреченск,156.0,,,"[88.080398, 53.685199]"
402,Междуреченский,38.0,,,"[65.900364, 59.596753]"
403,Мелеуз,1410.0,,18.0,"[55.927672, 52.959143]"
404,Миасс,771.0,779.0,1045.0,"[60.109599, 55.050432]"
405,Микунь,110.0,,,"[50.082532, 62.356493]"
406,Миллерово,47.0,,,"[40.394849, 48.92173]"
407,Минеральные Воды,,,433.0,"[43.13834, 44.208806]"
408,Мирный,96.0,,55.0,"[113.978701, 62.541028]"
409,Мирный,96.0,,55.0,"[40.326613, 62.761555]"
410,Мирный,96.0,,55.0,"[61.733762, 55.251501]"
411,Михайловка,281.0,,,"[43.23445, 50.07938]"
412,Михайловка,281.0,,,"[55.889629, 54.807658]"
413,Михайловск,104.0,,,"[59.125926, 56.444862]"
414,Михайловск,104.0,,,"[42.028803, 45.129667]"
415,Михайловское,67.0,,,"[44.62975, 43.099153]"
416,Михайловское,67.0,,,"[79.721223, 51.820014]"
417,Мичуринск,451.0,,656.0,"[40.49802, 52.893913]"
418,Мичуринский,209.0,,,"[34.235424, 53.274777]"
419,Можга,71.0,,,"[52.213022, 56.440244]"
420,Моздок,100.0,,105.0,"[44.653887, 43.735433]"
421,Моздок,100.0,,105.0,"[44.653887, 43.735433]"
422,Мончегорск,86.0,,111.0,"[32.937071, 67.938921]"
423,Москва,57536.0,9783.0,60524.0,"[37.617644, 55.755819]"
424,Московское,85.0,,,"[41.918652, 45.284999]"
425,Мраково,27.0,,,"[56.621163, 52.715502]"
426,Муравленко,86.0,,,"[74.494457, 63.795285]"
427,Мурманск,1224.0,,442.0,"[33.074918, 68.970663]"
428,Муром,1368.0,,,"[42.052411, 55.579174]"
429,Мценск,313.0,,,"[36.575006, 53.278939]"
430,Мыски,,,158.0,"[87.805747, 53.712514]"
431,Мытищи,3871.0,1313.0,1423.0,"[37.736743, 55.909968]"
432,Набережные Челны,8410.0,,1560.0,"[52.403662, 55.741272]"
433,Надеждино,24.0,,,"[50.373479, 54.117218]"
434,Надым,107.0,,,"[72.540055, 65.527025]"
435,Назарово,164.0,,,"[90.417697, 56.012345]"
436,Называевск,65.0,,,"[71.349186, 55.564821]"
437,Нальчик,1472.0,,1493.0,"[43.607081, 43.485259]"
438,Наро-Фоминск,99.0,,,"[36.72285, 55.383838]"
439,Нарьян-Мар,44.0,,39.0,"[53.006926, 67.63805]"
440,Наумовка,85.0,,,"[55.91709, 53.519964]"
441,Находка,315.0,,,"[132.89282, 42.824043]"
442,Невель,36.0,,,"[29.91725, 56.017483]"
443,Невельск,213.0,,,"[141.856596, 46.671673]"
444,Невинномысск,1818.0,,,"[41.936061, 44.638287]"
445,Невьянск,86.0,,,"[60.218251, 57.491225]"
446,Нелидово,45.0,,,"[32.772042, 56.225553]"
447,Нерчинск,150.0,,,"[116.585693, 51.977058]"
448,Нерюнгри,160.0,,91.0,"[124.712311, 56.657717]"
449,Нефтегорск,42.0,,,"[51.163808, 52.797221]"
450,Нефтекамск,706.0,,25.0,"[54.247751, 56.088483]"
451,Нефтеюганск,369.0,,155.0,"[72.616403, 61.088255]"
452,Нижневартовск,844.0,,17.0,"[76.558902, 60.938545]"
453,Нижнекамск,1276.0,,721.0,"[51.819712, 55.637576]"
454,Нижнеудинск,125.0,,,"[99.026387, 54.901238]"
455,Нижний Бестях,136.0,,,"[129.907763, 61.95847]"
456,Нижний Ломов,125.0,,,"[43.672999, 53.530049]"
457,Нижний Новгород,9032.0,2572.0,5184.0,"[44.006516, 56.326797]"
458,Нижний Тагил,1518.0,,416.0,"[59.971474, 57.907562]"
459,Нижняя Салда,39.0,,,"[60.716331, 58.07149]"
460,Никель,40.0,,,"[30.210065, 69.410035]"
461,Николаевка,36.0,,,"[47.207986, 53.129051]"
462,Николаевск,72.0,,,"[45.45911, 50.025878]"
463,Николаевск-на-Амуре,33.0,,,"[140.713795, 53.14025]"
464,Новая Усмань,74.0,,,"[39.410268, 51.643447]"
465,Новоалтайск,164.0,,125.0,"[83.931079, 53.412021]"
466,Новоаннинский,51.0,,,"[42.667083, 50.529606]"
467,Новобелокатай,50.0,,,"[58.959199, 55.70771]"
468,Нововоронеж,112.0,,,"[39.215981, 51.3091]"
469,Новодвинск,46.0,,,"[40.82083, 64.413687]"
470,Новозыбков,82.0,,38.0,"[31.933231, 52.536723]"
471,Новоильинск,95.0,,,"[108.707621, 51.68243]"
472,Новокузнецк,3350.0,,1441.0,"[87.136053, 53.757553]"
473,Новокуйбышевск,485.0,,,"[49.947776, 53.099469]"
474,Новомосковск,2040.0,,241.0,"[38.291057, 54.010914]"
475,Новоомский,86.0,,,"[73.301, 54.841371]"
476,Новопавловск,49.0,,,"[43.63191, 43.957369]"
477,Новороссийск,592.0,,,"[37.768813, 44.723771]"
478,Новосибирск,9480.0,4074.0,8821.0,"[82.92043, 55.030204]"
479,Новотроицк,959.0,,,"[58.299683, 51.196355]"
480,Новоуральск,424.0,,76.0,"[60.095613, 57.247235]"
481,Новохоперск,55.0,,,"[41.631461, 51.100286]"
482,Новочебоксарск,297.0,,,"[47.476807, 56.108738]"
483,Новочеркасск,8097.0,,2784.0,"[40.093734, 47.422052]"
484,Новошахтинск,84.0,,,"[39.934705, 47.754315]"
485,Новый Быт,137.0,,,"[37.605122, 55.059817]"
486,Новый Уренгой,303.0,,,"[76.680956, 66.084539]"
487,Ногинск,182.0,,171.0,"[38.441866, 55.854476]"
488,Норильск,868.0,,,"[88.210393, 69.343985]"
489,Ноябрьск,240.0,,,"[75.450938, 63.201805]"
490,Нытва,30.0,,,"[55.328631, 57.939127]"
491,Нягань,106.0,,,"[65.433393, 62.14681]"
492,Нязепетровск,33.0,,,"[59.595449, 56.053924]"
493,Обнинск,125.0,,,"[36.586459, 55.11202]"
494,Обоянь,60.0,,,"[36.267638, 51.209893]"
495,Одинцово,104.0,,,"[37.263663, 55.679138]"
496,Озерск,144.0,,63.0,"[60.707608, 55.763189]"
497,Озеры,78.0,,,"[38.559833, 54.854092]"
498,Октябрьский,1420.0,,,"[53.46557, 54.481454]"
499,Октябрьский,1420.0,,,"[43.171829, 61.089321]"
500,Октябрьское,54.0,,,"[62.728988, 54.412296]"
501,Оленегорск,49.0,,,"[33.270104, 68.14046]"
502,Омск,4697.0,4894.0,9398.0,"[73.368221, 54.989347]"
503,Омутнинск,48.0,,,"[52.177161, 58.66406]"
504,Онега,73.0,,,"[38.086655, 63.914485]"
505,Опочка,62.0,,,"[28.658926, 56.713993]"
506,Орел,539.0,,311.0,"[36.064358, 52.970756]"
507,Оренбург,5129.0,2506.0,2540.0,"[55.096964, 51.768205]"
508,Орехово-Зуево,191.0,,,"[38.981601, 55.805842]"
509,Орлов,8.0,,,"[48.89284, 58.539037]"
510,Орск,1280.0,,174.0,"[58.474675, 51.2293]"
511,Осинники,32.0,,,"[87.337078, 53.598754]"
512,Осташков,50.0,,,"[33.102873, 57.15605]"
513,Острогожск,92.0,,,"[39.082365, 50.860145]"
514,Отрадный,142.0,,,"[51.348789, 53.376549]"
515,Оха,224.0,,,"[142.949163, 53.588974]"
516,Очер,47.0,,,"[54.716096, 57.885268]"
517,Павлово,173.0,,,"[43.064848, 55.965103]"
518,Павловский Посад,120.0,,,"[38.650976, 55.78034]"
519,Палана,20.0,,,"[159.951307, 59.082834]"
520,Парабель,37.0,,,"[81.489871, 58.703203]"
521,Парковый,116.0,,,"[40.146869, 45.838031]"
522,Партизанск,56.0,,,"[133.123255, 43.11982]"
523,Пенза,4699.0,,4726.0,"[45.018316, 53.195042]"
524,Первомайск,155.0,,,"[43.801386, 54.867632]"
525,Первомайский,178.0,,,"[37.503837, 54.036483]"
526,Первомайский,178.0,,,"[51.641055, 51.903798]"
527,Первомайский,178.0,,,"[61.174696, 54.865622]"
528,Первомайский,178.0,,,"[115.63833, 51.669294]"
529,Первомайское,54.0,,,"[42.481536, 43.938113]"
530,Первомайское,54.0,,,"[84.020812, 53.723059]"
531,Первомайское,54.0,,,"[86.234952, 57.073198]"
532,Первоуральск,249.0,,,"[59.943267, 56.905819]"
533,Перевоз,134.0,,,"[44.54494, 55.596854]"
534,Переславль-Залесский,88.0,,,"[38.854382, 56.739194]"
535,Пермь,3691.0,5111.0,2961.0,"[56.229443, 58.010455]"
536,Пестравка,24.0,,,"[49.962167, 52.40377]"
537,Петровск,223.0,,,"[45.38994, 52.314028]"
538,Петрозаводск,1361.0,,134.0,"[34.346878, 61.785021]"
539,Петропавловка,35.0,,,"[105.317631, 50.610055]"
540,Петропавловск-Камчатский,843.0,,449.0,"[158.643503, 53.024265]"
541,Петушки,48.0,,,"[39.459352, 55.931104]"
542,Печора,83.0,,,"[57.223977, 65.148606]"
543,Пласт,91.0,,,"[60.808408, 54.363281]"
544,Плесецк,36.0,,,"[40.281194, 62.710039]"
545,Побединское,112.0,,,"[45.438386, 43.401471]"
546,Подольск,161.0,,152.0,"[37.544997, 55.431136]"
547,Подпорожье,52.0,,,"[34.167952, 60.912097]"
548,Покачи,31.0,,,"[75.599753, 61.741652]"
549,Покровка,48.0,,,"[53.874707, 51.98986]"
550,Покровка,48.0,,,"[131.635555, 43.950906]"
551,Полевской,157.0,,,"[60.236307, 56.495802]"
552,Полесск,100.0,,,"[21.109888, 54.862782]"
553,Полысаево,134.0,,,"[86.280901, 54.605443]"
554,Полярные Зори,56.0,,72.0,"[32.500975, 67.365788]"
555,Похвистнево,32.0,,,"[52.123038, 53.653394]"
556,Пошехонье,44.0,,,"[39.120481, 58.503857]"
557,Приморский,89.0,,,"[35.488098, 45.115886]"
558,Приозерск,67.0,,,"[30.115589, 61.035979]"
559,Прогресс,20.0,,,"[54.721783, 56.24402]"
560,Прокопьевск,410.0,,,"[86.750055, 53.884493]"
561,Пролетарск,67.0,,,"[41.727544, 46.703855]"
562,Протвино,765.0,,,"[37.2151, 54.864969]"
563,Пруды,110.0,,,"[165.889368, 67.396381]"
564,Псков,1071.0,,278.0,"[28.33246, 57.819274]"
565,Пугачев,60.0,,,"[48.812036, 52.0119]"
566,Пятигорск,,,348.0,"[43.070643, 44.039802]"
567,Радужный,72.0,,,"[40.332605, 55.995659]"
568,Радужный,72.0,,,"[77.458448, 62.134265]"
569,Райчихинск,125.0,,,"[129.411255, 49.794114]"
570,Ракитное,53.0,,,"[35.831389, 50.834383]"
571,Раменское,180.0,,,"[38.225004, 55.567586]"
572,Ревда,92.0,,,"[59.908718, 56.800084]"
573,Реж,83.0,,,"[61.391648, 57.373777]"
574,Реутов,217.0,,,"[37.85515, 55.760515]"
575,Ржев,163.0,,,"[34.334419, 56.263017]"
576,Ровеньки,,,41.0,"[38.891985, 49.914716]"
577,Рославль,92.0,,,"[32.857498, 53.947229]"
578,Россошь,363.0,,,"[39.562632, 50.198256]"
579,Ростов,79.0,,,"[39.414526, 57.18587]"
580,Ростов-на-Дону,7068.0,5599.0,10971.0,"[39.720358, 47.222078]"
581,Рошаль,46.0,,,"[39.862768, 55.663283]"
582,Ртищево,78.0,,,"[43.785657, 52.257455]"
583,Рубцовск,735.0,,,"[81.217673, 51.527623]"
584,Рудня,66.0,,,"[31.081763, 54.948013]"
585,Рудня,66.0,,,"[44.556384, 50.801559]"
586,Рузаевка,2452.0,,99.0,"[44.94911, 54.058274]"
587,Рыбинск,3035.0,962.0,963.0,"[38.855711, 58.04864]"
588,Рыбное,75.0,,,"[39.505463, 54.730812]"
589,Рыбное,75.0,,,"[37.619782, 56.41525]"
590,Рязань,4359.0,,2070.0,"[39.741917, 54.629565]"
591,Салават,1480.0,,,"[55.924681, 53.361651]"
592,Сальск,133.0,,,"[41.541503, 46.474898]"
593,Самара,14092.0,2049.0,8120.0,"[50.100202, 53.195878]"
594,Санкт-Петербург,46722.0,4595.0,30460.0,"[30.315877, 59.939099]"
595,Саранск,720.0,,1394.0,"[45.183938, 54.187433]"
596,Сарапул,985.0,,,"[53.803687, 56.461218]"
597,Саратов,7598.0,,5835.0,"[46.034266, 51.533562]"
598,Саров,2676.0,,,"[43.344853, 54.922793]"
599,Сатка,110.0,,,"[58.974578, 55.047456]"
600,Сафоново,190.0,,,"[33.23798, 55.106057]"
601,Саяногорск,204.0,,,"[91.412204, 53.100762]"
602,Светлый,137.0,,,"[20.131093, 54.673268]"
603,Светлый,137.0,,,"[113.426974, 63.049927]"
604,Светогорск,32.0,,,"[28.865879, 61.113731]"
605,Свирск,56.0,,,"[103.342253, 53.066572]"
606,Свобода,49.0,,,"[36.304738, 51.973774]"
607,Свободный,128.0,,,"[128.134156, 51.375889]"
608,Севастополь,197.0,,,"[33.525135, 44.616495]"
609,Северобайкальск,67.0,,,"[109.335597, 55.636001]"
610,Северодвинск,2015.0,,604.0,"[39.823781, 64.563386]"
611,Североуральск,73.0,,,"[59.952161, 60.152394]"
612,Северск,591.0,,,"[84.880913, 56.60319]"
613,Селенгинск,78.0,,,"[106.862616, 52.005386]"
614,Семенов,68.0,,,"[44.49034, 56.789017]"
615,Семилуки,110.0,,,"[39.020211, 51.69463]"
616,Сергиев Посад,206.0,,,"[38.135972, 56.315311]"
617,Сердобск,79.0,,,"[44.202735, 52.455683]"
618,Серноводск,111.0,,,"[51.255759, 53.921982]"
619,Серов,264.0,,,"[60.573588, 59.605395]"
620,Серп и Молот,73.0,,,"[42.492235, 50.851121]"
621,Серпухов,302.0,,,"[37.416601, 54.913681]"
622,Сибай,259.0,,,"[58.665665, 52.72039]"
623,Сим,192.0,,,"[57.687184, 54.988469]"
624,Симферополь,925.0,,,"[34.100327, 44.948237]"
625,Славянка,88.0,,,"[131.385581, 42.865001]"
626,Сланцы,84.0,,,"[28.088145, 59.11779]"
627,Слобода,168.0,,,"[40.29351, 51.13569]"
628,Смоленск,1873.0,,,"[32.045287, 54.782635]"
629,Снежинск,861.0,,,"[60.732707, 56.087303]"
630,Советск,179.0,,,"[21.888656, 55.081034]"
631,Советск,179.0,,,"[48.959521, 57.587599]"
632,Советск,179.0,,,"[37.626636, 53.932946]"
633,Советская Гавань,42.0,,,"[140.285128, 48.966446]"
634,Советский,110.0,,,"[63.566802, 61.370766]"
635,Советский,110.0,,,"[34.929005, 45.340396]"
636,Советский,110.0,,,"[63.566802, 61.370766]"
637,Совхоз Мамадышский,84.0,,,"[51.385494, 55.707699]"
638,Сокол,92.0,,,"[40.099986, 59.460972]"
639,Соликамск,328.0,,118.0,"[56.770391, 59.649193]"
640,Солнечногорск,284.0,,268.0,"[36.977631, 56.185107]"
641,Соль-Илецк,59.0,,,"[54.980031, 51.161986]"
642,Сорочинск,69.0,,,"[53.161149, 52.431316]"
643,Сосенский,78.0,,,"[35.966038, 54.059489]"
644,Сосково,14.0,,,"[35.386445, 52.748434]"
645,Сосновоборск,267.0,,,"[93.335434, 56.120211]"
646,Сосновоборск,267.0,,,"[46.247184, 53.299168]"
647,Сосновское,75.0,,,"[43.168307, 55.804369]"
648,Сосновское,75.0,,,"[73.161366, 54.598439]"
649,Сосновый Бор,123.0,,,"[29.09221, 59.904225]"
650,Сосногорск,146.0,,,"[53.873117, 63.600002]"
651,Спас-Клепики,41.0,,,"[40.17628, 55.131167]"
652,Спасск-Дальний,148.0,,,"[132.817568, 44.597647]"
653,Ставрополь,1825.0,,425.0,"[41.96911, 45.043317]"
654,Старая Русса,126.0,,,"[31.355461, 57.99072]"
655,Староминская,70.0,,,"[39.062629, 46.538766]"
656,Старосубхангулово,22.0,,,"[57.441612, 53.102183]"
657,Старощербиновская,,68.0,,"[38.666787, 46.633433]"
658,Старый Оскол,2957.0,,521.0,"[37.833231, 51.297974]"
659,Степное,76.0,,,"[46.844169, 51.377801]"
660,Стерлитамак,2041.0,,1105.0,"[55.930825, 53.630403]"
661,Стрежевой,66.0,,,"[77.604011, 60.732867]"
662,Стрелецкий,196.0,,,"[35.973655, 53.011729]"
663,Строитель,66.0,,,"[36.486998, 50.785172]"
664,Строитель,66.0,,,"[36.058771, 55.498296]"
665,Строитель,66.0,,,"[41.450028, 52.649155]"
666,Ступино,608.0,655.0,97.0,"[38.078237, 54.88628]"
667,Субханкулово,74.0,,,"[53.808277, 54.556175]"
668,Сунтар,30.0,,,"[117.647601, 62.160619]"
669,Сургут,549.0,,856.0,"[73.393032, 61.241778]"
670,Суровикино,68.0,,,"[42.844249, 48.60538]"
671,Сухиничи,40.0,,,"[35.337981, 54.101551]"
672,Сухой Лог,89.0,,,"[62.035542, 56.905431]"
673,Сызрань,2623.0,,244.0,"[48.474611, 53.155669]"
674,Сыктывкар,1017.0,,354.0,"[50.836497, 61.668797]"
675,Тавда,52.0,,,"[65.272604, 58.041876]"
676,Таганрог,1820.0,156.0,159.0,"[38.936694, 47.208735]"
677,Тайшет,71.0,,,"[98.002982, 55.940502]"
678,Тамбов,4682.0,,2148.0,"[41.45275, 52.721295]"
679,Тара,75.0,,,"[74.371981, 56.901838]"
680,Тарасовский,71.0,,,"[40.356095, 48.727189]"
681,Тверь,2399.0,,1781.0,"[35.91186, 56.859625]"
682,Тевриз,58.0,,,"[72.404652, 57.516669]"
683,Темрюк,254.0,,215.0,"[37.365388, 45.282044]"
684,Тербуны,148.0,,,"[38.279963, 52.147475]"
685,Терек,79.0,,,"[44.140267, 43.483865]"
686,Техникумовский,19.0,,,"[36.355844, 52.470514]"
687,Тикси,24.0,,,"[128.870855, 71.639263]"
688,Тихвин,116.0,,,"[33.542105, 59.644213]"
689,Тихорецк,,,352.0,"[40.123171, 45.852784]"
690,Тобольск,1085.0,,,"[68.253995, 58.200891]"
691,Тогучин,32.0,,,"[84.402874, 55.238018]"
692,Тольятти,4596.0,,1453.0,"[49.420411, 53.507852]"
693,Томск,13007.0,745.0,9385.0,"[84.947649, 56.484645]"
694,Торбеево,96.0,,,"[43.245958, 54.074511]"
695,Торжок,63.0,,,"[34.960149, 57.041338]"
696,Трехгорный,82.0,,,"[58.44662, 54.814652]"
697,Троицк,62.0,,,"[61.559004, 54.082757]"
698,Трубчевск,106.0,,,"[33.766082, 52.579083]"
699,Туймазы,115.0,,,"[53.694955, 54.600708]"
700,Тула,1729.0,5191.0,1480.0,"[37.617348, 54.193122]"
701,Тулун,72.0,,,"[100.578047, 54.55712]"
702,Тура,61.0,,,"[100.20778, 64.270386]"
703,Туринск,56.0,,,"[63.690814, 58.052474]"
704,Туринская Слобода,55.0,,,"[64.387467, 57.618062]"
705,Тучково,44.0,,,"[36.47187, 55.600857]"
706,Тында,,,156.0,"[124.73644, 55.149666]"
707,Тюмень,6706.0,,4701.0,"[65.541227, 57.152985]"
708,Тяжинский,64.0,,,"[88.517194, 56.110731]"
709,Уварово,58.0,,,"[42.261009, 51.983105]"
710,Углич,113.0,,,"[38.319372, 57.526597]"
711,Удомля,76.0,,,"[35.005739, 57.871648]"
712,Узловая,122.0,,361.0,"[38.160308, 53.97844]"
713,Улан-Удэ,2784.0,2251.0,1137.0,"[107.584547, 51.834809]"
714,Улькан,26.0,,,"[107.793846, 55.908555]"
715,Ульяновск,3240.0,3690.0,2326.0,"[48.403132, 54.314192]"
716,Урай,100.0,,,"[64.803225, 60.128955]"
717,Урюпинск,90.0,,,"[41.995593, 50.79451]"
718,Усинск,99.0,,,"[57.55701, 65.994148]"
719,Усолье-Сибирское,154.0,,,"[103.637332, 52.757095]"
720,Уссурийск,297.0,,309.0,"[131.952122, 43.797247]"
721,Усть-Илимск,60.0,,,"[102.733519, 57.942686]"
722,Усть-Камчатск,10.0,,,"[162.536137, 56.239683]"
723,Усть-Катав,83.0,,,"[58.174709, 54.930289]"
724,Уфа,13559.0,5055.0,7141.0,"[55.958736, 54.735152]"
725,Ухта,1283.0,,1014.0,"[53.663999, 63.566006]"
726,Феодосия,138.0,,,"[35.383911, 45.026654]"
727,Фокино,140.0,,,"[34.415923, 53.455436]"
728,Фокино,140.0,,,"[132.410936, 42.97407]"
729,Хабаровск,2582.0,,2595.0,"[135.071917, 48.480229]"
730,Хандыга,164.0,,,"[135.563053, 62.653533]"
731,Ханты-Мансийск,122.0,,,"[69.046866, 61.035726]"
732,Ханты-Мансийск,122.0,,,"[69.018911, 61.003184]"
733,Хасавюрт,388.0,,,"[46.585526, 43.248524]"
734,Хвойная,46.0,,,"[34.530781, 58.896724]"
735,Хворостянка,79.0,,,"[48.964929, 52.615344]"
736,Химки,169.0,,160.0,"[37.444853, 55.889361]"
737,Хлопуново,71.0,,,"[82.019545, 52.072413]"
738,Холмск,83.0,,,"[142.042017, 47.040819]"
739,Хоногор,45.0,,,"[130.120367, 62.4684]"
740,Хор,54.0,,,"[134.963041, 47.885839]"
741,Хоронхой,47.0,,,"[106.148195, 50.474158]"
742,Цивильск,157.0,,,"[47.465309, 55.864899]"
743,Чадан,106.0,,,"[91.567406, 51.28294]"
744,Чайковский,896.0,,,"[54.14881, 56.778081]"
745,Чапаевск,131.0,,,"[49.710217, 52.981709]"
746,Чебаркуль,52.0,,,"[60.37012, 54.97779]"
747,Чебоксары,3665.0,,3862.0,"[47.247728, 56.139918]"
748,Чегдомын,37.0,,,"[133.035948, 51.133904]"
749,Челябинск,3465.0,3753.0,2338.0,"[61.402554, 55.159902]"
750,Черемхово,70.0,,,"[103.090096, 53.136917]"
751,Черемшан,29.0,,,"[51.505616, 54.654704]"
752,Череповец,1919.0,,916.0,"[37.90347, 59.122612]"
753,Черкесск,1072.0,,,"[42.048279, 44.228374]"
754,Черногорск,266.0,,,"[91.306005, 53.827013]"
755,Черноярская,60.0,,,"[44.34687, 43.692884]"
756,Чернушка,159.0,,,"[56.07637, 56.516015]"
757,Чернянка,44.0,,53.0,"[37.804134, 50.940917]"
758,Черский,30.0,,,"[161.323816, 68.755809]"
759,Чистополь,74.0,,104.0,"[50.643575, 55.372339]"
760,Чита,678.0,,416.0,"[113.501049, 52.033635]"
761,Чкаловск,82.0,,,"[43.251105, 56.766257]"
762,Чунский,42.0,,,"[99.6619, 56.088298]"
763,Чусовой,75.0,,,"[57.808053, 58.305058]"
764,Шадринск,117.0,,,"[63.629747, 56.087042]"
765,Шарыпово,99.0,,,"[89.18016, 55.53909]"
766,Шатура,122.0,,,"[39.544575, 55.577577]"
767,Шахты,2691.0,,844.0,"[40.215401, 47.709237]"
768,Шебекино,231.0,,,"[36.879319, 50.404344]"
769,Шелехов,82.0,,,"[104.097395, 52.210209]"
770,Шемышейка,43.0,,,"[45.397881, 52.889919]"
771,Шлиссельбург,120.0,,,"[31.034754, 59.944959]"
772,Шолоховский,59.0,,,"[41.046505, 48.282732]"
773,Шумерля,81.0,,,"[46.417846, 55.497934]"
774,Шушенское,94.0,,,"[91.935643, 53.333763]"
775,Шуя,141.0,,,"[41.384622, 56.854404]"
776,Щекино,152.0,,119.0,"[37.518165, 54.001574]"
777,Щигры,66.0,,,"[36.912341, 51.873243]"
778,Эгвекинот,21.0,,,"[177.339555, 68.08756]"
779,Электросталь,503.0,,476.0,"[38.444858, 55.78445]"
780,Элиста,84.0,,,"[44.269759, 46.307743]"
781,Энгельс,2168.0,,135.0,"[46.124052, 51.50105]"
782,Югорск,101.0,,,"[63.331964, 61.314917]"
783,Южно-Сахалинск,535.0,,,"[142.729587, 46.957771]"
784,Южноуральск,86.0,,,"[61.268237, 54.442455]"
785,Юрга,897.0,,,"[84.933878, 55.713557]"
786,Юрюзань,71.0,,,"[58.425276, 54.853677]"
787,Ютановка,,,46.0,"[37.796768, 50.4909]"
788,Якутск,1474.0,,259.0,"[129.732178, 62.027221]"
789,Ялуторовск,204.0,,,"[66.312215, 56.654694]"
790,Яровое,51.0,,,"[78.580049, 52.919743]"
791,Ярославль,2846.0,,2636.0,"[39.893813, 57.626559]"
792,Ярцево,50.0,,,"[32.688292, 55.066123]"
793,Ясногорск,119.0,,,"[37.693354, 54.479293]"
794,Ясногорск,119.0,,,"[115.692013, 50.87397]"
795,имени Карла Либкнехта,65.0,,,"[35.479339, 51.623467]"
