,city,15,27,coordinates
0,Абаза,55.0,,"[90.088581, 52.651662]"
1,Абакан,531.0,,"[91.442396, 53.721152]"
2,Абзелилово,63.0,,"[58.661183, 53.467766]"
3,Авторемзавод,116.0,,"[31.684901, 54.759711]"
4,Агроном,77.0,,"[39.020525, 53.040294]"
5,Азнакаево,57.0,,"[53.079923, 54.858233]"
6,Азов,797.0,212.0,"[39.423581, 47.112448]"
7,Айхал,51.0,,"[111.502199, 65.942105]"
8,Ак-Довурак,87.0,,"[90.601061, 51.19084]"
9,Акбулак,60.0,,"[55.619263, 51.004293]"
10,Аксай,68.0,,"[39.862283, 47.269914]"
11,Алапаевск,105.0,,"[61.694524, 57.852511]"
12,Алатырь,99.0,,"[46.591949, 54.840526]"
13,Алдан,100.0,,"[125.388878, 58.608597]"
14,Алейск,67.0,,"[82.779457, 52.492167]"
15,Александров,100.0,,"[38.727621, 56.397774]"
16,Александров Гай,64.0,,"[48.585724, 50.143774]"
17,Александровск,40.0,,"[57.584669, 59.16293]"
18,Алексеевка,68.0,,"[38.686568, 50.630035]"
19,Алексин,248.0,,"[37.066034, 54.502429]"
20,Алтайское,102.0,,"[85.338182, 51.952237]"
21,Альметьевск,2633.0,353.0,"[52.29723, 54.901171]"
22,Амурск,57.0,,"[136.910607, 50.226797]"
23,Ангарск,1502.0,,"[103.888249, 52.544358]"
24,Анжеро-Судженск,144.0,,"[86.018216, 56.08318]"
25,Апатиты,52.0,,"[33.407187, 67.568023]"
26,Апшеронск,270.0,,"[39.727095, 44.465535]"
27,Аргун,157.0,,"[45.867439, 43.292662]"
28,Арзамас,2192.0,,"[43.814133, 55.386799]"
29,Армавир,546.0,,"[41.129644, 44.997655]"
30,Армянск,147.0,,"[33.691315, 46.110727]"
31,Арсеньев,189.0,30.0,"[133.268729, 44.163345]"
32,Артем,192.0,,"[132.180339, 43.353047]"
33,Артемовский,65.0,,"[61.895513, 57.337669]"
34,Арти,21.0,,"[58.532544, 56.416794]"
35,Архангельск,2078.0,455.0,"[40.515762, 64.539911]"
36,Асбест,92.0,,"[61.461474, 57.014317]"
37,Асино,67.0,,"[86.153906, 56.997519]"
38,Астрахань,4443.0,,"[48.030178, 46.347614]"
39,Аткарск,60.0,,"[45.003655, 51.877724]"
40,Атяшево,19.0,,"[46.077537, 54.588027]"
41,Ахтырский,120.0,,"[38.299825, 44.85036]"
42,Ачинск,467.0,,"[90.49524, 56.269501]"
43,Байкальск,50.0,,"[104.149928, 51.522826]"
44,Баймак,218.0,,"[58.308136, 52.597811]"
45,Бакал,39.0,,"[58.80918, 54.938064]"
46,Баксан,90.0,,"[43.534622, 43.681946]"
47,Балаково,618.0,566.0,"[47.819676, 52.01843]"
48,Балахна,208.0,,"[43.601331, 56.504919]"
49,Балашиха,128.0,,"[37.938118, 55.797007]"
50,Балашов,213.0,,"[43.146478, 51.554601]"
51,Баранчинский,46.0,,"[59.696581, 58.162281]"
52,Барда,26.0,,"[55.591451, 56.927192]"
53,Барнаул,5064.0,1249.0,"[83.776856, 53.346785]"
54,Барыш,51.0,,"[47.118038, 53.653474]"
55,Батайск,119.0,,"[39.744469, 47.138333]"
56,Бахчисарай,113.0,,"[33.848035, 44.744997]"
57,Бегуницы,56.0,,"[29.30494, 59.58506]"
58,Бежецк,88.0,,"[36.693188, 57.781318]"
59,Белая Калитва,142.0,,"[40.802388, 48.177644]"
60,Белая Холуница,29.0,,"[50.85273, 58.84356]"
61,Белгород,8799.0,2208.0,"[36.587277, 50.595414]"
62,Белебей,271.0,,"[54.110111, 54.103214]"
63,Белово,173.0,189.0,"[86.303701, 54.42212]"
64,Белорецк,359.0,120.0,"[58.410023, 53.967621]"
65,Белореченск,87.0,,"[39.86849, 44.766017]"
66,Белоярский,129.0,,"[66.667597, 63.716043]"
67,Белоярский,129.0,,"[61.393211, 56.750981]"
68,Белый Яр,14.0,,"[85.047236, 58.442558]"
69,Бердск,173.0,,"[83.107135, 54.758288]"
70,Березники,1556.0,,"[56.806719, 59.407024]"
71,Березовка,106.0,,"[93.126603, 56.037136]"
72,Березовский,188.0,,"[60.816457, 56.909583]"
73,Березовский,188.0,,"[86.274523, 55.669361]"
74,Бийск,1203.0,,"[85.220656, 52.541811]"
75,Бирюч,66.0,79.0,"[38.40023, 50.649337]"
76,Бисерть,19.0,,"[59.050629, 56.862243]"
77,Благовещенка,57.0,,"[79.868718, 52.833975]"
78,Благовещенск,1696.0,91.0,"[55.955224, 55.049854]"
79,Благовещенск,1696.0,91.0,"[127.534611, 50.257456]"
80,Благодарный,106.0,,"[43.44003, 45.095656]"
81,Богданович,73.0,,"[62.057129, 56.773977]"
82,Богородицк,69.0,,"[38.131696, 53.770699]"
83,Богородск,90.0,,"[43.516764, 56.103362]"
84,Болохово,105.0,,"[37.826799, 54.082113]"
85,Большая Глушица,31.0,,"[50.471907, 52.392769]"
86,Большеречье,48.0,,"[74.639032, 56.095328]"
87,Большой Камень,152.0,131.0,"[132.350345, 43.111725]"
88,Бор,163.0,,"[44.064575, 56.356522]"
89,Бор,163.0,,"[33.792357, 59.473563]"
90,Борисовка,86.0,,"[36.009085, 50.607918]"
91,Борисоглебск,855.0,,"[42.075183, 51.366308]"
92,Боровичи,107.0,,"[33.910459, 58.390115]"
93,Борское,35.0,,"[51.698871, 53.025456]"
94,Братск,1505.0,588.0,"[101.633505, 56.151682]"
95,Бреды,64.0,,"[60.337259, 52.422348]"
96,Бронницы,182.0,,"[38.264243, 55.42565]"
97,Брянск,8811.0,2190.0,"[34.363991, 53.2434]"
98,Бугульма,798.0,,"[52.798634, 54.541877]"
99,Бугуруслан,295.0,,"[52.432606, 53.6523]"
100,Буденновск,90.0,,"[44.165024, 44.781528]"
101,Буй,133.0,,"[41.533113, 58.481724]"
102,Буйнакск,181.0,,"[47.115927, 42.821755]"
103,Бутурлиновка,178.0,,"[40.584825, 50.835367]"
104,Валдай,17.0,,"[33.246406, 57.98069]"
105,Валуйки,94.0,,"[38.100111, 50.211332]"
106,Ванино,72.0,,"[140.256337, 49.09088]"
107,Ванновское,29.0,,"[40.230511, 45.322477]"
108,Варгаши,39.0,,"[65.815761, 55.375496]"
109,Варна,34.0,,"[60.983202, 53.383575]"
110,Великие Луки,211.0,,"[30.515671, 56.343703]"
111,Великий Новгород,1450.0,60.0,"[31.269816, 58.522857]"
112,Великий Устюг,96.0,,"[46.297849, 60.761156]"
113,Верхнеднепровский,55.0,,"[33.344969, 54.981397]"
114,Верхнеяркеево,54.0,,"[54.306914, 55.451624]"
115,Верхние Киги,27.0,,"[58.600241, 55.407627]"
116,Верхние Серги,54.0,,"[59.558932, 56.649241]"
117,Верхний Уфалей,37.0,,"[60.221107, 56.054673]"
118,Верхняя Пышма,1044.0,,"[60.573462, 56.970236]"
119,Верхняя Салда,403.0,,"[60.546253, 58.050898]"
120,Верхняя Тура,38.0,,"[59.820153, 58.359818]"
121,Вичуга,71.0,,"[41.918158, 57.217138]"
122,Владивосток,6346.0,2324.0,"[131.885494, 43.115542]"
123,Владикавказ,2404.0,546.0,"[44.681771, 43.024616]"
124,Владикавказ,2404.0,546.0,"[44.681771, 43.024616]"
125,Владимир,3989.0,2129.0,"[40.406635, 56.129057]"
126,Вознесенская,112.0,,"[41.029275, 44.548519]"
127,Волгоград,8716.0,3159.0,"[44.516975, 48.707067]"
128,Волгодонск,2134.0,474.0,"[42.206329, 47.519624]"
129,Волжск,120.0,,"[48.378168, 55.860428]"
130,Волжский,2238.0,695.0,"[44.751229, 48.786127]"
131,Волжский,2238.0,695.0,"[44.571503, 56.046519]"
132,Вологда,1873.0,455.0,"[39.891523, 59.220501]"
133,Волхов,188.0,,"[32.352681, 59.900543]"
134,Вольск,100.0,,"[47.387299, 52.045978]"
135,Воркута,77.0,,"[64.050113, 67.493504]"
136,Воронеж,13831.0,6742.0,"[39.200296, 51.660781]"
137,Воскресенск,106.0,100.0,"[38.673362, 55.322978]"
138,Воткинск,997.0,,"[53.985236, 57.05232]"
139,Выборг,79.0,,"[28.749781, 60.710496]"
140,Выкса,1071.0,519.0,"[42.16797, 55.320688]"
141,Выльгорт,58.0,,"[50.768369, 61.626965]"
142,Вытегра,82.0,,"[36.449511, 61.006359]"
143,Вышний Волочек,79.0,,"[34.558836, 57.584174]"
144,Вязники,107.0,,"[42.158862, 56.247026]"
145,Вязьма,487.0,15.0,"[34.298037, 55.205944]"
146,Вятские Поляны,99.0,,"[51.074919, 56.222896]"
147,Гаврилов-Ям,82.0,,"[39.853847, 57.303956]"
148,Галич,68.0,,"[42.34749, 58.381203]"
149,Гатчина,181.0,,"[30.122892, 59.56841]"
150,Геленджик,,24.0,"[38.077115, 44.561012]"
151,Георгиевск,288.0,,"[43.474274, 44.147959]"
152,Глазов,473.0,,"[52.674253, 58.140801]"
153,Горно-Алтайск,165.0,,"[85.960634, 51.957804]"
154,Горнозаводск,45.0,,"[58.330917, 58.374682]"
155,Горнозаводск,45.0,,"[141.846759, 46.560619]"
156,Горный,78.0,,"[48.538553, 51.756147]"
157,Городец,109.0,,"[43.47236, 56.644822]"
158,Городовиковск,68.0,,"[41.936052, 46.083105]"
159,Грозный,2766.0,997.0,"[45.692421, 43.318366]"
160,Губаха,161.0,,"[57.554584, 58.837022]"
161,Губкин,109.0,,"[37.534757, 51.283644]"
162,Гуково,95.0,,"[39.934929, 48.061025]"
163,Гулькевичи,146.0,,"[40.695236, 45.360342]"
164,Гусев,209.0,,"[22.201117, 54.591841]"
165,Гусиноозерск,148.0,,"[106.529323, 51.285526]"
166,Гусь-Хрустальный,177.0,,"[40.671045, 55.614556]"
167,Дагестанские Огни,79.0,,"[48.193923, 42.115189]"
168,Дальнегорск,83.0,,"[135.576366, 44.558764]"
169,Дальнереченск,79.0,,"[133.726941, 45.931182]"
170,Данков,65.0,,"[39.134423, 53.246197]"
171,Двинской,4.0,,"[45.117804, 62.154774]"
172,Дербент,236.0,,"[48.288776, 42.057669]"
173,Десногорск,104.0,,"[33.287881, 54.152351]"
174,Дзержинск,3086.0,,"[43.461634, 56.238382]"
175,Дивногорск,115.0,,"[92.380148, 55.957726]"
176,Димитровград,620.0,,"[49.623924, 54.217515]"
177,Динская,244.0,,"[39.223068, 45.218577]"
178,Дмитров,132.0,,"[37.517608, 56.342905]"
179,Добрянка,65.0,,"[56.403986, 58.468068]"
180,Долгое Ледово,209.0,,"[37.975596, 55.854966]"
181,Долгопрудный,160.0,2572.0,"[37.51423, 55.933302]"
182,Долинск,141.0,,"[142.79821, 47.324133]"
183,Домашка,35.0,,"[50.773534, 52.985211]"
184,Домодедово,283.0,,"[37.768004, 55.437174]"
185,Донецк,146.0,,"[39.944856, 48.337126]"
186,Донской,141.0,,"[38.33741, 53.968352]"
187,Дубна,648.0,2102.0,"[37.162189, 56.736345]"
188,Дудинка,35.0,,"[86.164992, 69.405769]"
189,Дюртюли,157.0,,"[54.873472, 55.48529]"
190,Дятьково,185.0,85.0,"[34.339656, 53.597311]"
191,Евпатория,121.0,,"[33.367643, 45.190635]"
192,Егорьевск,2686.0,,"[39.035842, 55.383055]"
193,Ейск,107.0,,"[38.27266, 46.711944]"
194,Екатеринбург,7850.0,13211.0,"[60.597474, 56.838011]"
195,Елец,683.0,,"[38.500446, 52.621938]"
196,Елизово,126.0,,"[158.382659, 53.189231]"
197,Ершов,76.0,,"[48.266498, 51.349829]"
198,Ессентуки,25.0,,"[42.85891, 44.044526]"
199,Ефремов,102.0,,"[38.117673, 53.137603]"
200,Жатай,156.0,,"[129.841386, 62.163942]"
201,Железногорск,303.0,,"[93.532264, 56.252922]"
202,Железногорск,303.0,,"[35.350871, 52.339203]"
203,Железногорск-Илимский,56.0,,"[104.114292, 56.584848]"
204,Жердевка,83.0,,"[41.469638, 51.844163]"
205,Жигулевск,43.0,,"[49.494657, 53.40172]"
206,Жирнов,69.0,,"[41.124739, 48.17071]"
207,Жирновск,242.0,,"[44.778843, 50.978718]"
208,Жуковка,47.0,,"[33.732547, 53.533067]"
209,Заволжье,232.0,,"[43.387164, 56.640441]"
210,Заинск,94.0,,"[52.000427, 55.283928]"
211,Закаменск,41.0,,"[103.286764, 50.372602]"
212,Заречный,193.0,,"[45.169071, 53.196088]"
213,Заречный,193.0,,"[61.320349, 56.814966]"
214,Заринск,85.0,,"[84.931488, 53.706337]"
215,Зверево,73.0,,"[40.12301, 48.021693]"
216,Зеленогорск,78.0,,"[94.588844, 56.113291]"
217,Зеленодольск,692.0,,"[48.492802, 55.847048]"
218,Зима,129.0,,"[102.049065, 53.920725]"
219,Зимовники,60.0,,"[42.46772, 47.145376]"
220,Златоуст,873.0,,"[59.672425, 55.173113]"
221,Зырянское,50.0,,"[86.625504, 56.829069]"
222,Иваново,3932.0,4193.0,"[40.97393, 57.000353]"
223,Ивантеевка,108.0,,"[37.907414, 55.976201]"
224,Ивантеевка,108.0,,"[49.100323, 52.265172]"
225,Игарка,22.0,,"[86.567662, 67.46694]"
226,Иглино,68.0,,"[56.416176, 54.834496]"
227,Игрим,78.0,,"[64.421944, 63.196228]"
228,Ижевск,8189.0,2088.0,"[53.2069, 56.852676]"
229,Инза,57.0,,"[46.351649, 53.85704]"
230,Инсар,19.0,,"[44.372248, 53.866513]"
231,Ипатово,70.0,,"[42.911156, 45.717425]"
232,Ирбит,137.0,,"[63.054079, 57.68507]"
233,Иркутск,8636.0,2841.0,"[104.280606, 52.289588]"
234,Ирша,119.0,,"[94.799841, 55.927644]"
235,Исилькуль,59.0,,"[71.262453, 54.913914]"
236,Искитим,135.0,,"[83.306391, 54.642587]"
237,Истра,58.0,,"[36.859017, 55.91466]"
238,Исянгулово,27.0,,"[56.573839, 52.192177]"
239,Ишим,139.0,,"[69.457073, 56.109175]"
240,Ишимбай,1838.0,,"[56.04395, 53.454626]"
241,Йошкар-Ола,4144.0,2727.0,"[47.886178, 56.6316]"
242,Кадом,60.0,,"[42.467244, 54.559078]"
243,Казанская,41.0,,"[41.137046, 49.794468]"
244,Казань,16362.0,16691.0,"[49.106414, 55.796127]"
245,Калачинск,54.0,,"[74.581782, 55.052613]"
246,Калининград,2940.0,,"[20.510137, 54.710162]"
247,Калиновка,138.0,,"[34.51118, 51.896474]"
248,Калиновка,138.0,,"[35.746525, 45.321463]"
249,Калиновская,68.0,,"[45.521372, 43.574286]"
250,Калтан,37.0,,"[87.27716, 53.521088]"
251,Калуга,5828.0,3663.0,"[36.261224, 54.513845]"
252,Калязин,95.0,,"[37.828308, 57.241069]"
253,Камбарка,75.0,,"[54.193475, 56.266957]"
254,Каменка,103.0,92.0,"[44.046878, 53.185557]"
255,Каменск-Уральский,788.0,127.0,"[61.917764, 56.41524]"
256,Каменск-Шахтинский,937.0,343.0,"[40.269534, 48.323133]"
257,Камень-на-Оби,84.0,,"[81.354558, 53.791492]"
258,Камызяк,63.0,,"[48.067548, 46.114432]"
259,Камышин,857.0,,"[45.402166, 50.085287]"
260,Камышлов,94.0,,"[62.707464, 56.843988]"
261,Канаш,363.0,,"[47.491764, 55.506943]"
262,Кандалакша,83.0,,"[32.412832, 67.151256]"
263,Канск,221.0,,"[95.705064, 56.20505]"
264,Карабаш,29.0,,"[60.203087, 55.488371]"
265,Каран,46.0,,"[55.917054, 52.926812]"
266,Карасук,134.0,,"[78.04936, 53.731934]"
267,Карачев,310.0,,"[34.982805, 53.121594]"
268,Каргинская,67.0,,"[41.637632, 49.353477]"
269,Карпинск,89.0,,"[60.001074, 59.766633]"
270,Карсун,53.0,,"[46.980766, 54.200786]"
271,Карталы,512.0,,"[60.639462, 53.053308]"
272,Касимов,166.0,,"[41.391368, 54.937288]"
273,Касли,39.0,,"[60.757411, 55.897337]"
274,Каспийск,395.0,,"[47.635665, 42.890853]"
275,Катав-Ивановск,82.0,,"[58.205836, 54.753513]"
276,Катайск,40.0,,"[62.58365, 56.283235]"
277,Кашира,,110.0,"[38.15154, 54.834589]"
278,Кемерово,6879.0,2149.0,"[86.086847, 55.355198]"
279,Кемля,69.0,,"[45.244063, 54.695216]"
280,Керчь,500.0,,"[36.467378, 45.356219]"
281,Кизел,39.0,,"[57.653875, 59.04943]"
282,Кизильское,64.0,,"[58.899641, 52.722801]"
283,Кизляр,276.0,,"[46.710338, 43.850312]"
284,Ким,81.0,,"[54.612188, 53.897122]"
285,Кимры,143.0,61.0,"[37.358274, 56.872659]"
286,Кингисепп,103.0,,"[28.601209, 59.378053]"
287,Кинешма,89.0,,"[42.169525, 57.443126]"
288,Киржач,82.0,,"[38.871585, 56.161945]"
289,Кириши,137.0,,"[32.008716, 59.449695]"
290,Киров,7884.0,4079.0,"[34.307999, 54.079614]"
291,Киров,7884.0,4079.0,"[49.668023, 58.603595]"
292,Кировград,30.0,,"[60.062321, 57.431916]"
293,Кирово-Чепецк,68.0,,"[50.043941, 58.556581]"
294,Кировск,242.0,,"[30.981457, 59.87533]"
295,Кировск,242.0,,"[33.668237, 67.61206]"
296,Кирс,25.0,,"[52.241516, 59.339991]"
297,Киселевск,159.0,,"[86.636688, 54.006025]"
298,Кисловодск,139.0,34.0,"[42.715718, 43.905518]"
299,Кичкасс,65.0,,"[54.407956, 52.31639]"
300,Клинцы,121.0,,"[32.233852, 52.753143]"
301,Ковров,3004.0,848.0,"[41.310933, 56.362506]"
302,Ковылкино,68.0,,"[43.91505, 54.0379]"
303,Когалым,61.0,,"[74.482761, 62.264069]"
304,Кодинск,51.0,,"[99.179712, 58.603412]"
305,Кожевниково,27.0,,"[83.968862, 56.259493]"
306,Козулька,33.0,,"[91.391983, 56.165469]"
307,Коломна,998.0,498.0,"[38.765556, 55.095956]"
308,Колышлей,44.0,,"[44.530944, 52.697617]"
309,Кольчугино,87.0,,"[39.376501, 56.293647]"
310,Коммунар,74.0,,"[30.393483, 59.621609]"
311,Коммунар,74.0,,"[37.738602, 51.850795]"
312,Комсомольск-на-Амуре,2495.0,1435.0,"[137.008685, 50.550055]"
313,Комсомольский,56.0,,"[45.827967, 54.440497]"
314,Конаково,51.0,,"[36.779354, 56.713242]"
315,Копейск,207.0,,"[61.611574, 55.115697]"
316,Кораблино,56.0,,"[40.034463, 53.926817]"
317,Кореновск,213.0,,"[39.448033, 45.462742]"
318,Коркино,214.0,,"[61.393049, 54.892493]"
319,Королев,540.0,,"[37.815211, 55.918953]"
320,Королёв,1552.0,3054.0,"[37.815211, 55.918953]"
321,Коряжма,59.0,,"[47.159864, 61.315335]"
322,Костомукша,85.0,,"[30.596637, 64.587358]"
323,Кострома,2410.0,1029.0,"[40.926894, 57.767918]"
324,Котлас,120.0,,"[46.633226, 61.252975]"
325,Котовск,61.0,,"[41.50575, 52.59292]"
326,Красная Пойма,92.0,,"[39.081889, 55.003105]"
327,Красноармейск,39.0,,"[38.141578, 56.120342]"
328,Красноармейск,39.0,,"[45.695178, 51.023973]"
329,Красноармейское,37.0,,"[50.034823, 52.710292]"
330,Красноборск,49.0,,"[45.944111, 61.55949]"
331,Красновишерск,10.0,,"[57.083301, 60.412825]"
332,Красногорск,152.0,,"[37.330399, 55.831003]"
333,Краснодар,6248.0,5076.0,"[38.975313, 45.03547]"
334,Красное Поле,78.0,,"[40.693691, 44.894224]"
335,Краснокаменск,155.0,73.0,"[118.034146, 50.098683]"
336,Краснокамск,108.0,,"[55.736376, 58.078362]"
337,Красномайский,98.0,,"[34.414818, 57.62227]"
338,Краснотурьинск,64.0,,"[60.193574, 59.763534]"
339,Красноуральск,53.0,,"[60.038749, 58.356726]"
340,Красноуфимск,147.0,,"[57.770791, 56.617928]"
341,Красноярск,8199.0,8148.0,"[92.852572, 56.010569]"
342,Красные Баки,24.0,,"[45.166619, 57.127364]"
343,Красный Октябрь,19.0,,"[64.811292, 55.652695]"
344,Красный Сулин,137.0,,"[40.057495, 47.893519]"
345,Красный Яр,32.0,,"[48.021312, 56.033435]"
346,Красный Яр,32.0,,"[50.389343, 53.498062]"
347,Красный Яр,32.0,,"[48.349233, 46.534259]"
348,Кропоткин,232.0,,"[40.576003, 45.434693]"
349,Крымск,398.0,,"[37.987894, 44.935414]"
350,Кстово,217.0,,"[44.206805, 56.150665]"
351,Кубанский,72.0,,"[40.58009, 45.92922]"
352,Кудымкар,197.0,,"[54.664183, 59.014548]"
353,Кузнецк,239.0,,"[46.601174, 53.119335]"
354,Куйбышев,116.0,,"[78.311111, 55.445972]"
355,Кулебаки,102.0,,"[42.512492, 55.429716]"
356,Кулун,42.0,,"[89.783666, 55.332673]"
357,Кумертау,1197.0,,"[55.796698, 52.756185]"
358,Кунгур,69.0,,"[56.944215, 57.42881]"
359,Курган,2498.0,1345.0,"[65.341118, 55.441004]"
360,Курск,4401.0,549.0,"[36.193015, 51.730846]"
361,Кущевская,74.0,,"[39.628191, 46.565699]"
362,Кызыл,444.0,,"[94.43799, 51.71989]"
363,Кыштым,102.0,,"[60.538958, 55.707882]"
364,Лабинск,124.0,,"[40.723578, 44.635715]"
365,Лабытнанги,126.0,,"[66.37993, 66.660883]"
366,Лагань,77.0,,"[47.354142, 45.392903]"
367,Лангепас,90.0,,"[75.180725, 61.253706]"
368,Ленинградская,100.0,,"[39.392886, 46.320553]"
369,Лениногорск,983.0,,"[52.442676, 54.599028]"
370,Ленинск,105.0,,"[45.199228, 48.693682]"
371,Ленск,156.0,,"[114.911853, 60.713735]"
372,Лесной,837.0,268.0,"[59.79863, 58.635513]"
373,Лесосибирск,754.0,,"[92.503666, 58.221733]"
374,Ливны,807.0,,"[37.60805, 52.426549]"
375,Ликино-Дулево,277.0,,"[38.958712, 55.707086]"
376,Липецк,4534.0,1856.0,"[39.599229, 52.608826]"
377,Лиски,215.0,150.0,"[39.497099, 50.987304]"
378,Луга,62.0,,"[29.847945, 58.735207]"
379,Луховицы,108.0,,"[39.02605, 54.96515]"
380,Лысково,67.0,,"[45.040971, 56.021362]"
381,Лысьва,790.0,112.0,"[57.811664, 58.100417]"
382,Лыткарино,112.0,,"[37.908986, 55.579302]"
383,Люберцы,95.0,,"[37.893328, 55.676748]"
384,Любим,40.0,,"[40.686882, 58.362004]"
385,Лянтор,115.0,,"[72.155361, 61.620667]"
386,Магадан,101.0,,"[150.808586, 59.565155]"
387,Магнитогорск,4564.0,2407.0,"[58.980291, 53.407163]"
388,Майкоп,1040.0,1782.0,"[40.105852, 44.606683]"
389,Майский,85.0,,"[44.051756, 43.628254]"
390,Майский,85.0,,"[36.455233, 50.523238]"
391,Максатиха,21.0,,"[35.869864, 57.795725]"
392,Малояз,54.0,,"[58.155889, 55.179724]"
393,Мангут,24.0,,"[112.672713, 49.695882]"
394,Массандра,148.0,,"[34.186035, 44.514701]"
395,Махачкала,651.0,322.0,"[47.504745, 42.9831]"
396,Мегион,79.0,,"[76.102621, 61.03289]"
397,Медвенка,28.0,,"[36.109148, 51.419546]"
398,Медногорск,133.0,,"[57.582944, 51.403446]"
399,Междуреченск,156.0,,"[88.080398, 53.685199]"
400,Междуреченский,38.0,,"[65.900364, 59.596753]"
401,Мелеуз,1410.0,18.0,"[55.927672, 52.959143]"
402,Миасс,771.0,1045.0,"[60.109599, 55.050432]"
403,Микунь,110.0,,"[50.082532, 62.356493]"
404,Миллерово,47.0,,"[40.394849, 48.92173]"
405,Минеральные Воды,,433.0,"[43.13834, 44.208806]"
406,Мирный,96.0,55.0,"[113.978701, 62.541028]"
407,Мирный,96.0,55.0,"[40.326613, 62.761555]"
408,Мирный,96.0,55.0,"[61.733762, 55.251501]"
409,Михайловка,281.0,,"[43.23445, 50.07938]"
410,Михайловка,281.0,,"[55.889629, 54.807658]"
411,Михайловск,104.0,,"[59.125926, 56.444862]"
412,Михайловск,104.0,,"[42.028803, 45.129667]"
413,Михайловское,67.0,,"[44.62975, 43.099153]"
414,Михайловское,67.0,,"[79.721223, 51.820014]"
415,Мичуринск,451.0,656.0,"[40.49802, 52.893913]"
416,Мичуринский,209.0,,"[34.235424, 53.274777]"
417,Можга,71.0,,"[52.213022, 56.440244]"
418,Моздок,100.0,105.0,"[44.653887, 43.735433]"
419,Моздок,100.0,105.0,"[44.653887, 43.735433]"
420,Мончегорск,86.0,111.0,"[32.937071, 67.938921]"
421,Москва,57536.0,60524.0,"[37.617644, 55.755819]"
422,Московское,85.0,,"[41.918652, 45.284999]"
423,Мраково,27.0,,"[56.621163, 52.715502]"
424,Муравленко,86.0,,"[74.494457, 63.795285]"
425,Мурманск,1224.0,442.0,"[33.074918, 68.970663]"
426,Муром,1368.0,,"[42.052411, 55.579174]"
427,Мценск,313.0,,"[36.575006, 53.278939]"
428,Мыски,,158.0,"[87.805747, 53.712514]"
429,Мытищи,3871.0,1423.0,"[37.736743, 55.909968]"
430,Набережные Челны,8410.0,1560.0,"[52.403662, 55.741272]"
431,Надеждино,24.0,,"[50.373479, 54.117218]"
432,Надым,107.0,,"[72.540055, 65.527025]"
433,Назарово,164.0,,"[90.417697, 56.012345]"
434,Называевск,65.0,,"[71.349186, 55.564821]"
435,Нальчик,1472.0,1493.0,"[43.607081, 43.485259]"
436,Наро-Фоминск,99.0,,"[36.72285, 55.383838]"
437,Нарьян-Мар,44.0,39.0,"[53.006926, 67.63805]"
438,Наумовка,85.0,,"[55.91709, 53.519964]"
439,Находка,315.0,,"[132.89282, 42.824043]"
440,Невель,36.0,,"[29.91725, 56.017483]"
441,Невельск,213.0,,"[141.856596, 46.671673]"
442,Невинномысск,1818.0,,"[41.936061, 44.638287]"
443,Невьянск,86.0,,"[60.218251, 57.491225]"
444,Нелидово,45.0,,"[32.772042, 56.225553]"
445,Нерчинск,150.0,,"[116.585693, 51.977058]"
446,Нерюнгри,160.0,91.0,"[124.712311, 56.657717]"
447,Нефтегорск,42.0,,"[51.163808, 52.797221]"
448,Нефтекамск,706.0,25.0,"[54.247751, 56.088483]"
449,Нефтеюганск,369.0,155.0,"[72.616403, 61.088255]"
450,Нижневартовск,844.0,17.0,"[76.558902, 60.938545]"
451,Нижнекамск,1276.0,721.0,"[51.819712, 55.637576]"
452,Нижнеудинск,125.0,,"[99.026387, 54.901238]"
453,Нижний Бестях,136.0,,"[129.907763, 61.95847]"
454,Нижний Ломов,125.0,,"[43.672999, 53.530049]"
455,Нижний Новгород,9032.0,5184.0,"[44.006516, 56.326797]"
456,Нижний Тагил,1518.0,416.0,"[59.971474, 57.907562]"
457,Нижняя Салда,39.0,,"[60.716331, 58.07149]"
458,Никель,40.0,,"[30.210065, 69.410035]"
459,Николаевка,36.0,,"[47.207986, 53.129051]"
460,Николаевск,72.0,,"[45.45911, 50.025878]"
461,Николаевск-на-Амуре,33.0,,"[140.713795, 53.14025]"
462,Новая Усмань,74.0,,"[39.410268, 51.643447]"
463,Новоалтайск,164.0,125.0,"[83.931079, 53.412021]"
464,Новоаннинский,51.0,,"[42.667083, 50.529606]"
465,Новобелокатай,50.0,,"[58.959199, 55.70771]"
466,Нововоронеж,112.0,,"[39.215981, 51.3091]"
467,Новодвинск,46.0,,"[40.82083, 64.413687]"
468,Новозыбков,82.0,38.0,"[31.933231, 52.536723]"
469,Новоильинск,95.0,,"[108.707621, 51.68243]"
470,Новокузнецк,3350.0,1441.0,"[87.136053, 53.757553]"
471,Новокуйбышевск,485.0,,"[49.947776, 53.099469]"
472,Новомосковск,2040.0,241.0,"[38.291057, 54.010914]"
473,Новоомский,86.0,,"[73.301, 54.841371]"
474,Новопавловск,49.0,,"[43.63191, 43.957369]"
475,Новороссийск,592.0,,"[37.768813, 44.723771]"
476,Новосибирск,9480.0,8821.0,"[82.92043, 55.030204]"
477,Новотроицк,959.0,,"[58.299683, 51.196355]"
478,Новоуральск,424.0,76.0,"[60.095613, 57.247235]"
479,Новохоперск,55.0,,"[41.631461, 51.100286]"
480,Новочебоксарск,297.0,,"[47.476807, 56.108738]"
481,Новочеркасск,8097.0,2784.0,"[40.093734, 47.422052]"
482,Новошахтинск,84.0,,"[39.934705, 47.754315]"
483,Новый Быт,137.0,,"[37.605122, 55.059817]"
484,Новый Уренгой,303.0,,"[76.680956, 66.084539]"
485,Ногинск,182.0,171.0,"[38.441866, 55.854476]"
486,Норильск,868.0,,"[88.210393, 69.343985]"
487,Ноябрьск,240.0,,"[75.450938, 63.201805]"
488,Нытва,30.0,,"[55.328631, 57.939127]"
489,Нягань,106.0,,"[65.433393, 62.14681]"
490,Нязепетровск,33.0,,"[59.595449, 56.053924]"
491,Обнинск,125.0,,"[36.586459, 55.11202]"
492,Обоянь,60.0,,"[36.267638, 51.209893]"
493,Одинцово,104.0,,"[37.263663, 55.679138]"
494,Озерск,144.0,63.0,"[60.707608, 55.763189]"
495,Озеры,78.0,,"[38.559833, 54.854092]"
496,Октябрьский,1420.0,,"[53.46557, 54.481454]"
497,Октябрьский,1420.0,,"[43.171829, 61.089321]"
498,Октябрьское,54.0,,"[62.728988, 54.412296]"
499,Оленегорск,49.0,,"[33.270104, 68.14046]"
500,Омск,4697.0,9398.0,"[73.368221, 54.989347]"
501,Омутнинск,48.0,,"[52.177161, 58.66406]"
502,Онега,73.0,,"[38.086655, 63.914485]"
503,Опочка,62.0,,"[28.658926, 56.713993]"
504,Орел,539.0,311.0,"[36.064358, 52.970756]"
505,Оренбург,5129.0,2540.0,"[55.096964, 51.768205]"
506,Орехово-Зуево,191.0,,"[38.981601, 55.805842]"
507,Орлов,8.0,,"[48.89284, 58.539037]"
508,Орск,1280.0,174.0,"[58.474675, 51.2293]"
509,Осинники,32.0,,"[87.337078, 53.598754]"
510,Осташков,50.0,,"[33.102873, 57.15605]"
511,Острогожск,92.0,,"[39.082365, 50.860145]"
512,Отрадный,142.0,,"[51.348789, 53.376549]"
513,Оха,224.0,,"[142.949163, 53.588974]"
514,Очер,47.0,,"[54.716096, 57.885268]"
515,Павлово,173.0,,"[43.064848, 55.965103]"
516,Павловский Посад,120.0,,"[38.650976, 55.78034]"
517,Палана,20.0,,"[159.951307, 59.082834]"
518,Парабель,37.0,,"[81.489871, 58.703203]"
519,Парковый,116.0,,"[40.146869, 45.838031]"
520,Партизанск,56.0,,"[133.123255, 43.11982]"
521,Пенза,4699.0,4726.0,"[45.018316, 53.195042]"
522,Первомайск,155.0,,"[43.801386, 54.867632]"
523,Первомайский,178.0,,"[37.503837, 54.036483]"
524,Первомайский,178.0,,"[51.641055, 51.903798]"
525,Первомайский,178.0,,"[61.174696, 54.865622]"
526,Первомайский,178.0,,"[115.63833, 51.669294]"
527,Первомайское,54.0,,"[42.481536, 43.938113]"
528,Первомайское,54.0,,"[84.020812, 53.723059]"
529,Первомайское,54.0,,"[86.234952, 57.073198]"
530,Первоуральск,249.0,,"[59.943267, 56.905819]"
531,Перевоз,134.0,,"[44.54494, 55.596854]"
532,Переславль-Залесский,88.0,,"[38.854382, 56.739194]"
533,Пермь,3691.0,2961.0,"[56.229443, 58.010455]"
534,Пестравка,24.0,,"[49.962167, 52.40377]"
535,Петровск,223.0,,"[45.38994, 52.314028]"
536,Петрозаводск,1361.0,134.0,"[34.346878, 61.785021]"
537,Петропавловка,35.0,,"[105.317631, 50.610055]"
538,Петропавловск-Камчатский,843.0,449.0,"[158.643503, 53.024265]"
539,Петушки,48.0,,"[39.459352, 55.931104]"
540,Печора,83.0,,"[57.223977, 65.148606]"
541,Пласт,91.0,,"[60.808408, 54.363281]"
542,Плесецк,36.0,,"[40.281194, 62.710039]"
543,Побединское,112.0,,"[45.438386, 43.401471]"
544,Подольск,161.0,152.0,"[37.544997, 55.431136]"
545,Подпорожье,52.0,,"[34.167952, 60.912097]"
546,Покачи,31.0,,"[75.599753, 61.741652]"
547,Покровка,48.0,,"[53.874707, 51.98986]"
548,Покровка,48.0,,"[131.635555, 43.950906]"
549,Полевской,157.0,,"[60.236307, 56.495802]"
550,Полесск,100.0,,"[21.109888, 54.862782]"
551,Полысаево,134.0,,"[86.280901, 54.605443]"
552,Полярные Зори,56.0,72.0,"[32.500975, 67.365788]"
553,Похвистнево,32.0,,"[52.123038, 53.653394]"
554,Пошехонье,44.0,,"[39.120481, 58.503857]"
555,Приморский,89.0,,"[35.488098, 45.115886]"
556,Приозерск,67.0,,"[30.115589, 61.035979]"
557,Прогресс,20.0,,"[54.721783, 56.24402]"
558,Прокопьевск,410.0,,"[86.750055, 53.884493]"
559,Пролетарск,67.0,,"[41.727544, 46.703855]"
560,Протвино,765.0,,"[37.2151, 54.864969]"
561,Пруды,110.0,,"[165.889368, 67.396381]"
562,Псков,1071.0,278.0,"[28.33246, 57.819274]"
563,Пугачев,60.0,,"[48.812036, 52.0119]"
564,Пятигорск,,348.0,"[43.070643, 44.039802]"
565,Радужный,72.0,,"[40.332605, 55.995659]"
566,Радужный,72.0,,"[77.458448, 62.134265]"
567,Райчихинск,125.0,,"[129.411255, 49.794114]"
568,Ракитное,53.0,,"[35.831389, 50.834383]"
569,Раменское,180.0,,"[38.225004, 55.567586]"
570,Ревда,92.0,,"[59.908718, 56.800084]"
571,Реж,83.0,,"[61.391648, 57.373777]"
572,Реутов,217.0,,"[37.85515, 55.760515]"
573,Ржев,163.0,,"[34.334419, 56.263017]"
574,Ровеньки,,41.0,"[38.891985, 49.914716]"
575,Рославль,92.0,,"[32.857498, 53.947229]"
576,Россошь,363.0,,"[39.562632, 50.198256]"
577,Ростов,79.0,,"[39.414526, 57.18587]"
578,Ростов-на-Дону,7068.0,10971.0,"[39.720358, 47.222078]"
579,Рошаль,46.0,,"[39.862768, 55.663283]"
580,Ртищево,78.0,,"[43.785657, 52.257455]"
581,Рубцовск,735.0,,"[81.217673, 51.527623]"
582,Рудня,66.0,,"[31.081763, 54.948013]"
583,Рудня,66.0,,"[44.556384, 50.801559]"
584,Рузаевка,2452.0,99.0,"[44.94911, 54.058274]"
585,Рыбинск,3035.0,963.0,"[38.855711, 58.04864]"
586,Рыбное,75.0,,"[39.505463, 54.730812]"
587,Рыбное,75.0,,"[37.619782, 56.41525]"
588,Рязань,4359.0,2070.0,"[39.741917, 54.629565]"
589,Салават,1480.0,,"[55.924681, 53.361651]"
590,Сальск,133.0,,"[41.541503, 46.474898]"
591,Самара,14092.0,8120.0,"[50.100202, 53.195878]"
592,Санкт-Петербург,46722.0,30460.0,"[30.315877, 59.939099]"
593,Саранск,720.0,1394.0,"[45.183938, 54.187433]"
594,Сарапул,985.0,,"[53.803687, 56.461218]"
595,Саратов,7598.0,5835.0,"[46.034266, 51.533562]"
596,Саров,2676.0,,"[43.344853, 54.922793]"
597,Сатка,110.0,,"[58.974578, 55.047456]"
598,Сафоново,190.0,,"[33.23798, 55.106057]"
599,Саяногорск,204.0,,"[91.412204, 53.100762]"
600,Светлый,137.0,,"[20.131093, 54.673268]"
601,Светлый,137.0,,"[113.426974, 63.049927]"
602,Светогорск,32.0,,"[28.865879, 61.113731]"
603,Свирск,56.0,,"[103.342253, 53.066572]"
604,Свобода,49.0,,"[36.304738, 51.973774]"
605,Свободный,128.0,,"[128.134156, 51.375889]"
606,Севастополь,197.0,,"[33.525135, 44.616495]"
607,Северобайкальск,67.0,,"[109.335597, 55.636001]"
608,Северодвинск,2015.0,604.0,"[39.823781, 64.563386]"
609,Североуральск,73.0,,"[59.952161, 60.152394]"
610,Северск,591.0,,"[84.880913, 56.60319]"
611,Селенгинск,78.0,,"[106.862616, 52.005386]"
612,Семенов,68.0,,"[44.49034, 56.789017]"
613,Семилуки,110.0,,"[39.020211, 51.69463]"
614,Сергиев Посад,206.0,,"[38.135972, 56.315311]"
615,Сердобск,79.0,,"[44.202735, 52.455683]"
616,Серноводск,111.0,,"[51.255759, 53.921982]"
617,Серов,264.0,,"[60.573588, 59.605395]"
618,Серп и Молот,73.0,,"[42.492235, 50.851121]"
619,Серпухов,302.0,,"[37.416601, 54.913681]"
620,Сибай,259.0,,"[58.665665, 52.72039]"
621,Сим,192.0,,"[57.687184, 54.988469]"
622,Симферополь,925.0,,"[34.100327, 44.948237]"
623,Славянка,88.0,,"[131.385581, 42.865001]"
624,Сланцы,84.0,,"[28.088145, 59.11779]"
625,Слобода,168.0,,"[40.29351, 51.13569]"
626,Смоленск,1873.0,,"[32.045287, 54.782635]"
627,Снежинск,861.0,,"[60.732707, 56.087303]"
628,Советск,179.0,,"[21.888656, 55.081034]"
629,Советск,179.0,,"[48.959521, 57.587599]"
630,Советск,179.0,,"[37.626636, 53.932946]"
631,Советская Гавань,42.0,,"[140.285128, 48.966446]"
632,Советский,110.0,,"[63.566802, 61.370766]"
633,Советский,110.0,,"[34.929005, 45.340396]"
634,Советский,110.0,,"[63.566802, 61.370766]"
635,Совхоз Мамадышский,84.0,,"[51.385494, 55.707699]"
636,Сокол,92.0,,"[40.099986, 59.460972]"
637,Соликамск,328.0,118.0,"[56.770391, 59.649193]"
638,Солнечногорск,284.0,268.0,"[36.977631, 56.185107]"
639,Соль-Илецк,59.0,,"[54.980031, 51.161986]"
640,Сорочинск,69.0,,"[53.161149, 52.431316]"
641,Сосенский,78.0,,"[35.966038, 54.059489]"
642,Сосково,14.0,,"[35.386445, 52.748434]"
643,Сосновоборск,267.0,,"[93.335434, 56.120211]"
644,Сосновоборск,267.0,,"[46.247184, 53.299168]"
645,Сосновское,75.0,,"[43.168307, 55.804369]"
646,Сосновское,75.0,,"[73.161366, 54.598439]"
647,Сосновый Бор,123.0,,"[29.09221, 59.904225]"
648,Сосногорск,146.0,,"[53.873117, 63.600002]"
649,Спас-Клепики,41.0,,"[40.17628, 55.131167]"
650,Спасск-Дальний,148.0,,"[132.817568, 44.597647]"
651,Ставрополь,1825.0,425.0,"[41.96911, 45.043317]"
652,Старая Русса,126.0,,"[31.355461, 57.99072]"
653,Староминская,70.0,,"[39.062629, 46.538766]"
654,Старосубхангулово,22.0,,"[57.441612, 53.102183]"
655,Старый Оскол,2957.0,521.0,"[37.833231, 51.297974]"
656,Степное,76.0,,"[46.844169, 51.377801]"
657,Стерлитамак,2041.0,1105.0,"[55.930825, 53.630403]"
658,Стрежевой,66.0,,"[77.604011, 60.732867]"
659,Стрелецкий,196.0,,"[35.973655, 53.011729]"
660,Строитель,66.0,,"[36.486998, 50.785172]"
661,Строитель,66.0,,"[36.058771, 55.498296]"
662,Строитель,66.0,,"[41.450028, 52.649155]"
663,Ступино,608.0,97.0,"[38.078237, 54.88628]"
664,Субханкулово,74.0,,"[53.808277, 54.556175]"
665,Сунтар,30.0,,"[117.647601, 62.160619]"
666,Сургут,549.0,856.0,"[73.393032, 61.241778]"
667,Суровикино,68.0,,"[42.844249, 48.60538]"
668,Сухиничи,40.0,,"[35.337981, 54.101551]"
669,Сухой Лог,89.0,,"[62.035542, 56.905431]"
670,Сызрань,2623.0,244.0,"[48.474611, 53.155669]"
671,Сыктывкар,1017.0,354.0,"[50.836497, 61.668797]"
672,Тавда,52.0,,"[65.272604, 58.041876]"
673,Таганрог,1820.0,159.0,"[38.936694, 47.208735]"
674,Тайшет,71.0,,"[98.002982, 55.940502]"
675,Тамбов,4682.0,2148.0,"[41.45275, 52.721295]"
676,Тара,75.0,,"[74.371981, 56.901838]"
677,Тарасовский,71.0,,"[40.356095, 48.727189]"
678,Тверь,2399.0,1781.0,"[35.91186, 56.859625]"
679,Тевриз,58.0,,"[72.404652, 57.516669]"
680,Темрюк,254.0,215.0,"[37.365388, 45.282044]"
681,Тербуны,148.0,,"[38.279963, 52.147475]"
682,Терек,79.0,,"[44.140267, 43.483865]"
683,Техникумовский,19.0,,"[36.355844, 52.470514]"
684,Тикси,24.0,,"[128.870855, 71.639263]"
685,Тихвин,116.0,,"[33.542105, 59.644213]"
686,Тихорецк,,352.0,"[40.123171, 45.852784]"
687,Тобольск,1085.0,,"[68.253995, 58.200891]"
688,Тогучин,32.0,,"[84.402874, 55.238018]"
689,Тольятти,4596.0,1453.0,"[49.420411, 53.507852]"
690,Томск,13007.0,9385.0,"[84.947649, 56.484645]"
691,Торбеево,96.0,,"[43.245958, 54.074511]"
692,Торжок,63.0,,"[34.960149, 57.041338]"
693,Трехгорный,82.0,,"[58.44662, 54.814652]"
694,Троицк,62.0,,"[61.559004, 54.082757]"
695,Трубчевск,106.0,,"[33.766082, 52.579083]"
696,Туймазы,115.0,,"[53.694955, 54.600708]"
697,Тула,1729.0,1480.0,"[37.617348, 54.193122]"
698,Тулун,72.0,,"[100.578047, 54.55712]"
699,Тура,61.0,,"[100.20778, 64.270386]"
700,Туринск,56.0,,"[63.690814, 58.052474]"
701,Туринская Слобода,55.0,,"[64.387467, 57.618062]"
702,Тучково,44.0,,"[36.47187, 55.600857]"
703,Тында,,156.0,"[124.73644, 55.149666]"
704,Тюмень,6706.0,4701.0,"[65.541227, 57.152985]"
705,Тяжинский,64.0,,"[88.517194, 56.110731]"
706,Уварово,58.0,,"[42.261009, 51.983105]"
707,Углич,113.0,,"[38.319372, 57.526597]"
708,Удомля,76.0,,"[35.005739, 57.871648]"
709,Узловая,122.0,361.0,"[38.160308, 53.97844]"
710,Улан-Удэ,2784.0,1137.0,"[107.584547, 51.834809]"
711,Улькан,26.0,,"[107.793846, 55.908555]"
712,Ульяновск,3240.0,2326.0,"[48.403132, 54.314192]"
713,Урай,100.0,,"[64.803225, 60.128955]"
714,Урюпинск,90.0,,"[41.995593, 50.79451]"
715,Усинск,99.0,,"[57.55701, 65.994148]"
716,Усолье-Сибирское,154.0,,"[103.637332, 52.757095]"
717,Уссурийск,297.0,309.0,"[131.952122, 43.797247]"
718,Усть-Илимск,60.0,,"[102.733519, 57.942686]"
719,Усть-Камчатск,10.0,,"[162.536137, 56.239683]"
720,Усть-Катав,83.0,,"[58.174709, 54.930289]"
721,Уфа,13559.0,7141.0,"[55.958736, 54.735152]"
722,Ухта,1283.0,1014.0,"[53.663999, 63.566006]"
723,Феодосия,138.0,,"[35.383911, 45.026654]"
724,Фокино,140.0,,"[34.415923, 53.455436]"
725,Фокино,140.0,,"[132.410936, 42.97407]"
726,Хабаровск,2582.0,2595.0,"[135.071917, 48.480229]"
727,Хандыга,164.0,,"[135.563053, 62.653533]"
728,Ханты-Мансийск,122.0,,"[69.046866, 61.035726]"
729,Ханты-Мансийск,122.0,,"[69.018911, 61.003184]"
730,Хасавюрт,388.0,,"[46.585526, 43.248524]"
731,Хвойная,46.0,,"[34.530781, 58.896724]"
732,Хворостянка,79.0,,"[48.964929, 52.615344]"
733,Химки,169.0,160.0,"[37.444853, 55.889361]"
734,Хлопуново,71.0,,"[82.019545, 52.072413]"
735,Холмск,83.0,,"[142.042017, 47.040819]"
736,Хоногор,45.0,,"[130.120367, 62.4684]"
737,Хор,54.0,,"[134.963041, 47.885839]"
738,Хоронхой,47.0,,"[106.148195, 50.474158]"
739,Цивильск,157.0,,"[47.465309, 55.864899]"
740,Чадан,106.0,,"[91.567406, 51.28294]"
741,Чайковский,896.0,,"[54.14881, 56.778081]"
742,Чапаевск,131.0,,"[49.710217, 52.981709]"
743,Чебаркуль,52.0,,"[60.37012, 54.97779]"
744,Чебоксары,3665.0,3862.0,"[47.247728, 56.139918]"
745,Чегдомын,37.0,,"[133.035948, 51.133904]"
746,Челябинск,3465.0,2338.0,"[61.402554, 55.159902]"
747,Черемхово,70.0,,"[103.090096, 53.136917]"
748,Черемшан,29.0,,"[51.505616, 54.654704]"
749,Череповец,1919.0,916.0,"[37.90347, 59.122612]"
750,Черкесск,1072.0,,"[42.048279, 44.228374]"
751,Черногорск,266.0,,"[91.306005, 53.827013]"
752,Черноярская,60.0,,"[44.34687, 43.692884]"
753,Чернушка,159.0,,"[56.07637, 56.516015]"
754,Чернянка,44.0,53.0,"[37.804134, 50.940917]"
755,Черский,30.0,,"[161.323816, 68.755809]"
756,Чистополь,74.0,104.0,"[50.643575, 55.372339]"
757,Чита,678.0,416.0,"[113.501049, 52.033635]"
758,Чкаловск,82.0,,"[43.251105, 56.766257]"
759,Чунский,42.0,,"[99.6619, 56.088298]"
760,Чусовой,75.0,,"[57.808053, 58.305058]"
761,Шадринск,117.0,,"[63.629747, 56.087042]"
762,Шарыпово,99.0,,"[89.18016, 55.53909]"
763,Шатура,122.0,,"[39.544575, 55.577577]"
764,Шахты,2691.0,844.0,"[40.215401, 47.709237]"
765,Шебекино,231.0,,"[36.879319, 50.404344]"
766,Шелехов,82.0,,"[104.097395, 52.210209]"
767,Шемышейка,43.0,,"[45.397881, 52.889919]"
768,Шлиссельбург,120.0,,"[31.034754, 59.944959]"
769,Шолоховский,59.0,,"[41.046505, 48.282732]"
770,Шумерля,81.0,,"[46.417846, 55.497934]"
771,Шушенское,94.0,,"[91.935643, 53.333763]"
772,Шуя,141.0,,"[41.384622, 56.854404]"
773,Щекино,152.0,119.0,"[37.518165, 54.001574]"
774,Щигры,66.0,,"[36.912341, 51.873243]"
775,Эгвекинот,21.0,,"[177.339555, 68.08756]"
776,Электросталь,503.0,476.0,"[38.444858, 55.78445]"
777,Элиста,84.0,,"[44.269759, 46.307743]"
778,Энгельс,2168.0,135.0,"[46.124052, 51.50105]"
779,Югорск,101.0,,"[63.331964, 61.314917]"
780,Южно-Сахалинск,535.0,,"[142.729587, 46.957771]"
781,Южноуральск,86.0,,"[61.268237, 54.442455]"
782,Юрга,897.0,,"[84.933878, 55.713557]"
783,Юрюзань,71.0,,"[58.425276, 54.853677]"
784,Ютановка,,46.0,"[37.796768, 50.4909]"
785,Якутск,1474.0,259.0,"[129.732178, 62.027221]"
786,Ялуторовск,204.0,,"[66.312215, 56.654694]"
787,Яровое,51.0,,"[78.580049, 52.919743]"
788,Ярославль,2846.0,2636.0,"[39.893813, 57.626559]"
789,Ярцево,50.0,,"[32.688292, 55.066123]"
790,Ясногорск,119.0,,"[37.693354, 54.479293]"
791,Ясногорск,119.0,,"[115.692013, 50.87397]"
792,имени Карла Либкнехта,65.0,,"[35.479339, 51.623467]"
