,city,18,19,21,27,33,4,6,coordinates
0,Абаза,,,54.0,,,,,"[90.088581, 52.651662]"
1,Абакан,,103.0,230.0,,260.0,,1031.0,"[91.442396, 53.721152]"
2,Абдулино,,,99.0,,,,,"[53.654989, 53.683962]"
3,Абинск,,,,,159.0,,,"[38.151288, 44.866237]"
4,Азнакаево,,60.0,,,,,,"[53.079923, 54.858233]"
5,Азов,,,,212.0,,,,"[39.423581, 47.112448]"
6,Айхал,,,41.0,,,,,"[111.502199, 65.942105]"
7,Ак-Довурак,,,86.0,,,,,"[90.601061, 51.19084]"
8,Акбулак,,50.0,,,,,,"[55.619263, 51.004293]"
9,Аксай,,73.0,,,,,,"[39.862283, 47.269914]"
10,Алапаевск,,126.0,,,,,,"[61.694524, 57.852511]"
11,Алатырь,,106.0,105.0,,,,,"[46.591949, 54.840526]"
12,Алдан,62.0,,82.0,,,,,"[125.388878, 58.608597]"
13,Алейск,,77.0,,,,,,"[82.779457, 52.492167]"
14,Александров,,102.0,116.0,,225.0,,,"[38.727621, 56.397774]"
15,Александровск,,43.0,,,,,,"[57.584669, 59.16293]"
16,Александровское,,104.0,,,,,,"[43.005048, 44.710525]"
17,Александровское,,104.0,,,,,,"[77.868475, 60.426124]"
18,Алексеевское,,164.0,,,,,,"[50.107272, 55.303248]"
19,Алексин,124.0,,147.0,,,,,"[37.066034, 54.502429]"
20,Алтайское,,117.0,,,,,,"[85.338182, 51.952237]"
21,Альметьевск,,113.0,5690.0,353.0,416.0,,,"[52.29723, 54.901171]"
22,Амурск,77.0,,64.0,,,,,"[136.910607, 50.226797]"
23,Анадырь,,17.0,17.0,,,,,"[177.518913, 64.735814]"
24,Анапа,,359.0,112.0,,223.0,,,"[37.316367, 44.894818]"
25,Ангарск,2011.0,,,,,,,"[103.888249, 52.544358]"
26,Анжеро-Судженск,140.0,167.0,186.0,,89.0,,,"[86.018216, 56.08318]"
27,Анна,,52.0,,,,,,"[40.426317, 51.485932]"
28,Апатиты,,74.0,1047.0,,,199.0,138.0,"[33.407187, 67.568023]"
29,Апшеронск,,,72.0,,,,,"[39.727095, 44.465535]"
30,Аргаяш,,,,,,,,"[60.877695, 55.490728]"
31,Ардатов,,101.0,,,,,,"[46.241192, 54.84656]"
32,Ардатов,,101.0,,,,,,"[43.095885, 55.239147]"
33,Арзамас,,204.0,,,657.0,,,"[43.814133, 55.386799]"
34,Армавир,135.0,233.0,1260.0,,372.0,,,"[41.129644, 44.997655]"
35,Армянск,134.0,,,,,,,"[33.691315, 46.110727]"
36,Арсеньев,,89.0,,30.0,,,,"[133.268729, 44.163345]"
37,Артем,,115.0,134.0,,,,,"[132.180339, 43.353047]"
38,Архангельск,1044.0,1801.0,6478.0,455.0,1451.0,492.0,985.0,"[40.515762, 64.539911]"
39,Асбест,,110.0,140.0,,,,,"[61.461474, 57.014317]"
40,Асино,,62.0,,,,,,"[86.153906, 56.997519]"
41,Астрахань,3133.0,1655.0,5774.0,,6403.0,1431.0,3167.0,"[48.030178, 46.347614]"
42,Ахтубинск,,73.0,,,,,,"[46.164422, 48.284884]"
43,Ахтырский,,,134.0,,,,,"[38.299825, 44.85036]"
44,Ачинск,170.0,206.0,31.0,,,,,"[90.49524, 56.269501]"
45,Багдарин,,,76.0,,,,,"[113.592031, 54.443937]"
46,Базарный Карабулак,,,80.0,,,,,"[46.408495, 52.279892]"
47,Бакал,,37.0,41.0,,,,,"[58.80918, 54.938064]"
48,Балаково,821.0,164.0,,566.0,,,,"[47.819676, 52.01843]"
49,Балашиха,150.0,,,,,,648.0,"[37.938118, 55.797007]"
50,Балашов,,,110.0,,283.0,,,"[43.146478, 51.554601]"
51,Балгазын,,62.0,,,,,,"[95.171761, 50.998047]"
52,Баранчинский,,,54.0,,,,,"[59.696581, 58.162281]"
53,Барда,,28.0,35.0,,,,,"[55.591451, 56.927192]"
54,Барнаул,3128.0,5502.0,2728.0,1249.0,3714.0,2939.0,4297.0,"[83.776856, 53.346785]"
55,Батайск,,127.0,,,,,,"[39.744469, 47.138333]"
56,Бежецк,,90.0,,,,,,"[36.693188, 57.781318]"
57,Безенчук,,106.0,,,,,,"[49.433212, 52.984398]"
58,Белая Глина,,72.0,,,,,,"[40.871333, 46.073671]"
59,Белгород,3918.0,3959.0,5519.0,2208.0,12604.0,947.0,2111.0,"[36.587277, 50.595414]"
60,Белебей,,5.0,,,,,,"[54.110111, 54.103214]"
61,Белово,,,1660.0,189.0,,,,"[86.303701, 54.42212]"
62,Белокуриха,,47.0,,,,,,"[84.983968, 51.996077]"
63,Белорецк,,,,120.0,,,,"[58.410023, 53.967621]"
64,Белореченск,94.0,98.0,132.0,,550.0,,,"[39.86849, 44.766017]"
65,Белоярский,,76.0,,,,,,"[66.667597, 63.716043]"
66,Белоярский,,76.0,,,,,,"[61.393211, 56.750981]"
67,Бердск,200.0,164.0,,,,,,"[83.107135, 54.758288]"
68,Березники,1351.0,170.0,657.0,,,,,"[56.806719, 59.407024]"
69,Березовский,68.0,125.0,140.0,,,,,"[60.816457, 56.909583]"
70,Березовский,68.0,125.0,140.0,,,,,"[86.274523, 55.669361]"
71,Бея,,,62.0,,,,,"[90.920592, 53.045567]"
72,Бийск,1373.0,1495.0,588.0,,445.0,,312.0,"[85.220656, 52.541811]"
73,Билибино,,20.0,,,,,,"[166.451139, 68.057129]"
74,Биробиджан,,54.0,79.0,,,,,"[132.924746, 48.78992]"
75,Бирск,,240.0,105.0,,663.0,927.0,1027.0,"[55.530716, 55.417531]"
76,Бирюч,,,,79.0,,,,"[38.40023, 50.649337]"
77,Благовещенка,,65.0,58.0,,,,,"[79.868718, 52.833975]"
78,Благовещенск,1346.0,5425.0,4577.0,91.0,359.0,1337.0,1163.0,"[55.955224, 55.049854]"
79,Благовещенск,1346.0,5425.0,4577.0,91.0,359.0,1337.0,1163.0,"[127.534611, 50.257456]"
80,Благодарный,,121.0,,,,,,"[43.44003, 45.095656]"
81,Богданович,62.0,,,,,,,"[62.057129, 56.773977]"
82,Богородицк,,61.0,88.0,,,,,"[38.131696, 53.770699]"
83,Богучаны,,39.0,,,,,,"[97.445128, 58.379901]"
84,Бодайбо,,,133.0,,,,,"[114.199867, 57.847975]"
85,Болгар,,62.0,,,,,,"[49.022628, 54.982239]"
86,Большая Атня,,52.0,,,,,,"[49.451978, 56.250707]"
87,Большая Глушица,,,49.0,,,,,"[50.471907, 52.392769]"
88,Большое Болдино,,30.0,,,,,,"[45.310861, 55.00359]"
89,Большое Нагаткино,,47.0,,,,,,"[47.97415, 54.515946]"
90,Большой Камень,,,,131.0,,,,"[132.350345, 43.111725]"
91,Бор,,113.0,,,,,,"[44.064575, 56.356522]"
92,Бор,,113.0,,,,,,"[33.792357, 59.473563]"
93,Борзя,,103.0,,,,,,"[116.527042, 50.391551]"
94,Борисоглебск,,108.0,128.0,,234.0,,,"[42.075183, 51.366308]"
95,Борисоглебский,,64.0,,,,,,"[39.153323, 57.260969]"
96,Боровичи,105.0,,,,113.0,,,"[33.910459, 58.390115]"
97,Бочкари,,75.0,,,,,,"[85.764433, 52.884926]"
98,Братск,120.0,156.0,,588.0,455.0,,,"[101.633505, 56.151682]"
99,Брюховецкая,,94.0,224.0,,,,,"[38.997295, 45.802003]"
100,Брянск,263.0,1182.0,766.0,2190.0,1160.0,623.0,953.0,"[34.363991, 53.2434]"
101,Бугульма,575.0,181.0,277.0,,189.0,,,"[52.798634, 54.541877]"
102,Бугуруслан,,,426.0,,,,,"[52.432606, 53.6523]"
103,Буденновск,89.0,103.0,,,23.0,,,"[44.165024, 44.781528]"
104,Бузулук,,,564.0,,271.0,,210.0,"[52.263292, 52.787097]"
105,Буй,,,120.0,,,,,"[41.533113, 58.481724]"
106,Бутурлиновка,,180.0,,,,,,"[40.584825, 50.835367]"
107,Вахруши,,65.0,,,,,,"[50.026415, 58.684661]"
108,Великие Луки,,,,,154.0,,,"[30.515671, 56.343703]"
109,Великий Новгород,171.0,30.0,351.0,60.0,1136.0,777.0,1053.0,"[31.269816, 58.522857]"
110,Великий Устюг,,84.0,,,,,,"[46.297849, 60.761156]"
111,Великое,,,35.0,,,,,"[39.773924, 57.349073]"
112,Вельск,,72.0,68.0,,,,,"[42.10331, 61.065915]"
113,Верещагино,,146.0,,,,,,"[54.658092, 58.079766]"
114,Верхнеднепровский,59.0,,,,,,,"[33.344969, 54.981397]"
115,Верхнеуральск,,154.0,,,,,,"[59.206613, 53.872842]"
116,Верхнеяркеево,,57.0,,,,,,"[54.306914, 55.451624]"
117,Верхняя Пышма,97.0,137.0,896.0,,,,,"[60.573462, 56.970236]"
118,Верхняя Синячиха,,58.0,,,,,,"[61.662355, 57.98102]"
119,Вилючинск,,39.0,,,,,,"[158.405063, 52.93179]"
120,Вичуга,,67.0,,,,,,"[41.918158, 57.217138]"
121,Владивосток,1458.0,4662.0,7830.0,2324.0,2520.0,1813.0,2247.0,"[131.885494, 43.115542]"
122,Владикавказ,,4100.0,6285.0,546.0,3298.0,705.0,819.0,"[44.681771, 43.024616]"
123,Владикавказ,,4100.0,6285.0,546.0,3298.0,705.0,819.0,"[44.681771, 43.024616]"
124,Владимир,802.0,556.0,307.0,2129.0,540.0,786.0,1713.0,"[40.406635, 56.129057]"
125,Вознесенская,,128.0,,,,,,"[41.029275, 44.548519]"
126,Волгоград,8051.0,6223.0,3230.0,3159.0,5062.0,,3520.0,"[44.516975, 48.707067]"
127,Волгодонск,,,,474.0,293.0,,,"[42.206329, 47.519624]"
128,Волжск,34.0,80.0,,,,,,"[48.378168, 55.860428]"
129,Волжский,2013.0,383.0,,695.0,936.0,,,"[44.751229, 48.786127]"
130,Волжский,2013.0,383.0,,695.0,936.0,,,"[44.571503, 56.046519]"
131,Вологда,,213.0,1384.0,455.0,166.0,594.0,470.0,"[39.891523, 59.220501]"
132,Волоколамск,,465.0,74.0,,,,,"[35.955222, 56.035869]"
133,Волхов,267.0,,203.0,,,,,"[32.352681, 59.900543]"
134,Вольск,89.0,,48.0,,233.0,,,"[47.387299, 52.045978]"
135,Воркута,,77.0,1267.0,,,,,"[64.050113, 67.493504]"
136,Воронеж,4610.0,3384.0,10942.0,6742.0,9805.0,6235.0,5641.0,"[39.200296, 51.660781]"
137,Воскресенск,139.0,,145.0,100.0,,,,"[38.673362, 55.322978]"
138,Воткинск,,115.0,769.0,,,,,"[53.985236, 57.05232]"
139,Всеволожск,,,139.0,,,,,"[30.645873, 60.024626]"
140,Вурнары,,156.0,,,,,,"[46.953431, 55.490871]"
141,Выборг,113.0,101.0,,,,,,"[28.749781, 60.710496]"
142,Выкса,,195.0,193.0,519.0,,,,"[42.16797, 55.320688]"
143,Выльгорт,,,63.0,,,,,"[50.768369, 61.626965]"
144,Вязьма,,1014.0,16.0,15.0,290.0,,,"[34.298037, 55.205944]"
145,Вятские Поляны,,113.0,,,,,,"[51.074919, 56.222896]"
146,Гаврилов-Ям,,44.0,,,,,,"[39.853847, 57.303956]"
147,Гатчина,,231.0,195.0,,,,,"[30.122892, 59.56841]"
148,Геленджик,,40.0,75.0,24.0,57.0,,,"[38.077115, 44.561012]"
149,Георгиевск,,557.0,140.0,,,,,"[43.474274, 44.147959]"
150,Глазов,99.0,168.0,,,,,,"[52.674253, 58.140801]"
151,Голынщина,,47.0,,,,,,"[42.713401, 52.671489]"
152,Голышманово,,78.0,,,,,,"[68.375385, 56.396005]"
153,Горно-Алтайск,,,449.0,,328.0,969.0,1490.0,"[85.960634, 51.957804]"
154,Горнозаводск,,48.0,47.0,,,,,"[58.330917, 58.374682]"
155,Горнозаводск,,48.0,47.0,,,,,"[141.846759, 46.560619]"
156,Городец,,117.0,,,,,,"[43.47236, 56.644822]"
157,Городовиковск,,59.0,,,,,,"[41.936052, 46.083105]"
158,Горячий Ключ,,,89.0,,,,,"[39.136426, 44.634246]"
159,Грозный,1565.0,1085.0,5844.0,997.0,3689.0,1656.0,3413.0,"[45.692421, 43.318366]"
160,Губаха,163.0,172.0,,,,,,"[57.554584, 58.837022]"
161,Губкин,,106.0,4893.0,,,,,"[37.534757, 51.283644]"
162,Губкинский,,,99.0,,,,,"[76.500503, 64.432625]"
163,Гуково,,,74.0,,,,,"[39.934929, 48.061025]"
164,Гулькевичи,,166.0,,,,,,"[40.695236, 45.360342]"
165,Гусев,,105.0,143.0,,135.0,,,"[22.201117, 54.591841]"
166,Гусь-Хрустальный,165.0,,,,,,,"[40.671045, 55.614556]"
167,Дальнегорск,,73.0,101.0,,,,,"[135.576366, 44.558764]"
168,Дальнереченск,,69.0,,,,,,"[133.726941, 45.931182]"
169,Двинской,,4.0,,,,,,"[45.117804, 62.154774]"
170,Дзержинск,1826.0,287.0,107.0,,,,,"[43.461634, 56.238382]"
171,Димитровград,761.0,225.0,123.0,,,,,"[49.623924, 54.217515]"
172,Динская,,277.0,,,,,,"[39.223068, 45.218577]"
173,Дмитриев,,48.0,57.0,,,,,"[35.080353, 52.12778]"
174,Дмитров,,179.0,395.0,,,,,"[37.517608, 56.342905]"
175,Добрянка,,69.0,,,,,,"[56.403986, 58.468068]"
176,Долгое Ледово,275.0,282.0,287.0,,,,,"[37.975596, 55.854966]"
177,Долгопрудный,,3504.0,,2572.0,,,,"[37.51423, 55.933302]"
178,Донской,,124.0,,,,,,"[38.33741, 53.968352]"
179,Дубна,,,901.0,2102.0,,1368.0,,"[37.162189, 56.736345]"
180,Дубовка,,,,,321.0,,,"[44.826957, 49.055375]"
181,Дудинка,39.0,,41.0,,,,,"[86.164992, 69.405769]"
182,Дюртюли,,,159.0,,,,,"[54.873472, 55.48529]"
183,Дятьково,,,,85.0,,,,"[34.339656, 53.597311]"
184,Евпатория,,159.0,,,131.0,,,"[33.367643, 45.190635]"
185,Егорьевск,,120.0,,,,,,"[39.035842, 55.383055]"
186,Ежово,,59.0,,,,,,"[48.120531, 56.71296]"
187,Ейск,,258.0,134.0,,,,,"[38.27266, 46.711944]"
188,Екатеринбург,2916.0,7253.0,8249.0,13211.0,3648.0,4711.0,2951.0,"[60.597474, 56.838011]"
189,Елабуга,,,,,,,74.0,"[52.053939, 55.757496]"
190,Елань,,79.0,,,,,,"[43.734686, 50.950094]"
191,Елец,75.0,,36.0,,224.0,2.0,,"[38.500446, 52.621938]"
192,Елизово,,,165.0,,,,,"[158.382659, 53.189231]"
193,Ефремов,83.0,90.0,,,,,,"[38.117673, 53.137603]"
194,Железногорск,,158.0,244.0,,,,,"[93.532264, 56.252922]"
195,Железногорск,,158.0,244.0,,,,,"[35.350871, 52.339203]"
196,Железногорск-Илимский,,,62.0,,,,,"[104.114292, 56.584848]"
197,Жердевка,,104.0,,,,,,"[41.469638, 51.844163]"
198,Жигулевск,54.0,,,,,,,"[49.494657, 53.40172]"
199,Жирновск,,,310.0,,,,,"[44.778843, 50.978718]"
200,Задонск,,134.0,,,,,,"[38.919456, 52.391972]"
201,Заинск,,97.0,,,,,,"[52.000427, 55.283928]"
202,Закаменск,,,48.0,,,,,"[103.286764, 50.372602]"
203,Заринск,74.0,97.0,,,,,,"[84.931488, 53.706337]"
204,Зеленогорск,,72.0,,,,,,"[94.588844, 56.113291]"
205,Зерноград,,856.0,396.0,,,,,"[40.312824, 46.849564]"
206,Зея,42.0,,48.0,,,,,"[127.265889, 53.734038]"
207,Зимовники,,65.0,,,,,,"[42.46772, 47.145376]"
208,Златоуст,,116.0,,,300.0,,,"[59.672425, 55.173113]"
209,Зуевка,,74.0,,,,,,"[51.133435, 58.403217]"
210,Зюкайка,,13.0,16.0,,,,,"[54.711722, 58.204913]"
211,Иваново,9542.0,3280.0,184.0,4193.0,787.0,2861.0,1791.0,"[40.97393, 57.000353]"
212,Ивановское,,73.0,,,,,,"[37.840112, 55.076278]"
213,Игарка,24.0,,25.0,,,,,"[86.567662, 67.46694]"
214,Игрим,61.0,,74.0,,,,,"[64.421944, 63.196228]"
215,Ижевск,3.0,2027.0,7101.0,2088.0,385.0,1744.0,2930.0,"[53.2069, 56.852676]"
216,Избербаш,,,164.0,,,,,"[47.871087, 42.565148]"
217,Ильский,,128.0,,,,,,"[38.561998, 44.835941]"
218,Инза,,,51.0,,,,,"[46.351649, 53.85704]"
219,Инской,,150.0,167.0,,,,,"[86.42845, 54.433213]"
220,Инта,,25.0,,,,,,"[60.115367, 66.036823]"
221,Инякино,,81.0,,,,,,"[41.113052, 54.434239]"
222,Ипатово,,80.0,,,,,,"[42.911156, 45.717425]"
223,Ирбит,41.0,58.0,,,,,,"[63.054079, 57.68507]"
224,Иркутск,2073.0,1548.0,4362.0,2841.0,2085.0,2690.0,3901.0,"[104.280606, 52.289588]"
225,Ирша,,,140.0,,,,,"[94.799841, 55.927644]"
226,Искитим,156.0,,,,,,,"[83.306391, 54.642587]"
227,Ишим,,167.0,,,229.0,,,"[69.457073, 56.109175]"
228,Ишимбай,,,653.0,,,,,"[56.04395, 53.454626]"
229,Йошкар-Ола,178.0,1835.0,2026.0,2727.0,1442.0,1458.0,1896.0,"[47.886178, 56.6316]"
230,Кавалерово,,,103.0,,,,,"[135.057292, 44.267653]"
231,Кадом,,59.0,,,,,,"[42.467244, 54.559078]"
232,Казань,4231.0,3455.0,14901.0,16691.0,8016.0,5923.0,932.0,"[49.106414, 55.796127]"
233,Калачинск,,47.0,,,,,,"[74.581782, 55.052613]"
234,Калашниково,,,82.0,,,,,"[35.224541, 57.279735]"
235,Калининград,136.0,3210.0,1116.0,,349.0,1045.0,2193.0,"[20.510137, 54.710162]"
236,Калуга,,366.0,988.0,3663.0,635.0,1195.0,1023.0,"[36.261224, 54.513845]"
237,Каменка,,117.0,,92.0,,,,"[44.046878, 53.185557]"
238,Каменск-Уральский,,87.0,,127.0,,,,"[61.917764, 56.41524]"
239,Каменск-Шахтинский,153.0,144.0,,343.0,,,,"[40.269534, 48.323133]"
240,Камень-на-Оби,,96.0,,,,,,"[81.354558, 53.791492]"
241,Камышин,,93.0,,,,,,"[45.402166, 50.085287]"
242,Канаш,218.0,,216.0,,,,,"[47.491764, 55.506943]"
243,Каневская,,,50.0,,,,,"[38.971953, 46.084805]"
244,Канск,170.0,64.0,178.0,,,,,"[95.705064, 56.20505]"
245,Карабаш,33.0,,,,,,,"[60.203087, 55.488371]"
246,Карагай,,13.0,,,,,,"[54.928422, 58.266211]"
247,Карачаевск,,,,,,,757.0,"[41.911475, 43.769958]"
248,Карачев,87.0,,,,,,,"[34.982805, 53.121594]"
249,Карпинск,,107.0,,,,,,"[60.001074, 59.766633]"
250,Касимов,100.0,61.0,81.0,,161.0,,,"[41.391368, 54.937288]"
251,Качканар,,70.0,67.0,,,,,"[59.485037, 58.70526]"
252,Кашира,,,,110.0,,,,"[38.15154, 54.834589]"
253,Кемерово,3232.0,1695.0,2275.0,2149.0,2009.0,2651.0,3376.0,"[86.086847, 55.355198]"
254,Керчь,115.0,200.0,142.0,,,,,"[36.467378, 45.356219]"
255,Кизел,,42.0,,,,,,"[57.653875, 59.04943]"
256,Кизляр,,,144.0,,,,54.0,"[46.710338, 43.850312]"
257,Ким,,,82.0,,,,,"[54.612188, 53.897122]"
258,Кимры,,,,61.0,,,,"[37.358274, 56.872659]"
259,Кингисепп,146.0,131.0,,,,,,"[28.601209, 59.378053]"
260,Кинель,,81.0,,,,,,"[50.634394, 53.22101]"
261,Кинешма,68.0,43.0,,,,,,"[42.169525, 57.443126]"
262,Кириши,128.0,115.0,,,,,,"[32.008716, 59.449695]"
263,Киров,5369.0,4677.0,1477.0,4079.0,546.0,2607.0,8685.0,"[34.307999, 54.079614]"
264,Киров,5369.0,4677.0,1477.0,4079.0,546.0,2607.0,8685.0,"[49.668023, 58.603595]"
265,Кировград,26.0,,35.0,,,,,"[60.062321, 57.431916]"
266,Кирово-Чепецк,60.0,78.0,,,,,,"[50.043941, 58.556581]"
267,Кировск,,,130.0,,,,,"[30.981457, 59.87533]"
268,Кировск,,,130.0,,,,,"[33.668237, 67.61206]"
269,Кировский,,52.0,,,,,,"[133.498841, 45.091914]"
270,Киселевск,,,206.0,,,,,"[86.636688, 54.006025]"
271,Кисловодск,,199.0,,34.0,,,,"[42.715718, 43.905518]"
272,Ковдор,,,83.0,,,,,"[30.474034, 67.562917]"
273,Ковров,,205.0,,848.0,285.0,,,"[41.310933, 56.362506]"
274,Ковылкино,,,162.0,,,,,"[43.91505, 54.0379]"
275,Когалым,47.0,,57.0,,,,,"[74.482761, 62.264069]"
276,Кожевниково,,25.0,,,,,,"[83.968862, 56.259493]"
277,Козловка,,59.0,,,,,,"[48.245136, 55.840386]"
278,Козловка,,59.0,,,,,,"[32.404604, 54.169706]"
279,Коленово,,24.0,,,,,,"[45.108156, 57.404768]"
280,Коломна,,102.0,,498.0,192.0,,,"[38.765556, 55.095956]"
281,Колпашево,,,69.0,,,,,"[82.902688, 58.311389]"
282,Колывань,,52.0,,,,,,"[82.738934, 55.30851]"
283,Комаричи,,33.0,,,,,,"[34.784097, 52.419009]"
284,Комсомольск-на-Амуре,1868.0,,1019.0,1435.0,,,,"[137.008685, 50.550055]"
285,Комсомольский,84.0,,,,,,,"[45.827967, 54.440497]"
286,Константиновск,,101.0,67.0,,,,,"[41.096694, 47.577341]"
287,Копейск,,,151.0,,,,,"[61.611574, 55.115697]"
288,Кораблино,,55.0,,,,,,"[40.034463, 53.926817]"
289,Коренево,,36.0,,,,,,"[34.893305, 51.409688]"
290,Кореновск,,243.0,,,,,,"[39.448033, 45.462742]"
291,Коркино,,102.0,,,,,,"[61.393049, 54.892493]"
292,Королев,,,422.0,,,,,"[37.815211, 55.918953]"
293,Королёв,,,,3054.0,,,,"[37.815211, 55.918953]"
294,Короча,,41.0,,,,,,"[37.196119, 50.811355]"
295,Костомукша,,,78.0,,,,,"[30.596637, 64.587358]"
296,Кострома,110.0,736.0,158.0,1029.0,358.0,1102.0,787.0,"[40.926894, 57.767918]"
297,Котельнич,,107.0,,,,,,"[48.346313, 58.305095]"
298,Котово,,,187.0,,,,,"[44.801328, 50.322064]"
299,Котовск,47.0,77.0,,,,,,"[41.50575, 52.59292]"
300,Кочубеевское,,108.0,,,,,,"[41.82423, 44.690728]"
301,Красная Поляна,,35.0,,,,,,"[51.147413, 56.241819]"
302,Красновишерск,,10.0,,,,,,"[57.083301, 60.412825]"
303,Красногорск,,,,,390.0,,,"[37.330399, 55.831003]"
304,Краснодар,2167.0,9592.0,18591.0,5076.0,4111.0,3402.0,4835.0,"[38.975313, 45.03547]"
305,Красное Поле,,88.0,,,,,,"[40.693691, 44.894224]"
306,Краснокаменск,77.0,95.0,68.0,73.0,,,,"[118.034146, 50.098683]"
307,Краснотуранск,,59.0,,,,,,"[91.567756, 54.317175]"
308,Краснотурьинск,,77.0,,,,,,"[60.193574, 59.763534]"
309,Красноуральск,,64.0,,,,,,"[60.038749, 58.356726]"
310,Красноуфимск,,92.0,83.0,,,,,"[57.770791, 56.617928]"
311,Красноярск,6778.0,4624.0,5503.0,8148.0,2120.0,2253.0,4661.0,"[92.852572, 56.010569]"
312,Красные Баки,,26.0,,,,,,"[45.166619, 57.127364]"
313,Красный Чикой,,,40.0,,,,,"[108.755618, 50.363943]"
314,Красный Яр,,97.0,37.0,,,,,"[48.021312, 56.033435]"
315,Красный Яр,,97.0,37.0,,,,,"[50.389343, 53.498062]"
316,Красный Яр,,97.0,37.0,,,,,"[48.349233, 46.534259]"
317,Кропоткин,,264.0,,,206.0,,,"[40.576003, 45.434693]"
318,Крутцы,,67.0,,,,,,"[45.733851, 57.859335]"
319,Крымск,,452.0,215.0,,,,,"[37.987894, 44.935414]"
320,Кстово,219.0,,230.0,,,,,"[44.206805, 56.150665]"
321,Кубанский,,82.0,,,,,,"[40.58009, 45.92922]"
322,Кудымкар,,108.0,191.0,,,,,"[54.664183, 59.014548]"
323,Куеда,,33.0,,,,,,"[55.591352, 56.430106]"
324,Кузнецк,,124.0,,,,,,"[46.601174, 53.119335]"
325,Куйбышев,133.0,109.0,,,,,,"[78.311111, 55.445972]"
326,Кулун,,39.0,,,,,,"[89.783666, 55.332673]"
327,Кумены,,60.0,,,,,,"[49.903076, 58.103851]"
328,Кунгур,,162.0,108.0,,,,,"[56.944215, 57.42881]"
329,Курган,,437.0,245.0,1345.0,295.0,807.0,938.0,"[65.341118, 55.441004]"
330,Курсавка,,91.0,,,,,,"[42.503563, 44.459468]"
331,Курск,1222.0,3494.0,1744.0,549.0,4371.0,2425.0,896.0,"[36.193015, 51.730846]"
332,Куртамыш,,,94.0,,,,,"[64.42799, 54.910156]"
333,Кушнаренково,,,176.0,,,,,"[55.33297, 55.1012]"
334,Кызыл,,42.0,844.0,,261.0,388.0,767.0,"[94.43799, 51.71989]"
335,Кяхта,,48.0,,,,,,"[106.449903, 50.35522]"
336,Лабинск,,141.0,,,287.0,,,"[40.723578, 44.635715]"
337,Лагань,,66.0,61.0,,,,,"[47.354142, 45.392903]"
338,Лангепас,,,84.0,,,,,"[75.180725, 61.253706]"
339,Ленинградская,,114.0,,,,,,"[39.392886, 46.320553]"
340,Лениногорск,,86.0,109.0,,,,,"[52.442676, 54.599028]"
341,Ленинск-Кузнецкий,,88.0,350.0,,,,,"[86.162243, 54.663609]"
342,Ленинское,,23.0,,,,,,"[132.622013, 47.932641]"
343,Ленск,96.0,,,,,,,"[114.911853, 60.713735]"
344,Лермонтов,,209.0,,,,,,"[42.973184, 44.10535]"
345,Лесной,,,,268.0,,,,"[59.79863, 58.635513]"
346,Лесозаводск,,118.0,,,,,,"[133.398221, 45.464809]"
347,Ливны,,112.0,,,,,,"[37.60805, 52.426549]"
348,Лиман,,,25.0,,,,,"[47.223824, 45.781843]"
349,Липецк,1235.0,1133.0,405.0,1856.0,428.0,1693.0,,"[39.599229, 52.608826]"
350,Лисино-Корпус,,,99.0,,,,,"[30.659806, 59.427952]"
351,Лиски,,,,150.0,,,,"[39.497099, 50.987304]"
352,Локоть,,,101.0,,,,,"[34.577036, 52.560927]"
353,Луга,,437.0,,,71.0,,,"[29.847945, 58.735207]"
354,Лысьва,,,,112.0,,,,"[57.811664, 58.100417]"
355,Лыткарино,,151.0,,,,,,"[37.908986, 55.579302]"
356,Льгов,,,10.0,,,,,"[35.257456, 51.655953]"
357,Люберцы,125.0,129.0,,,225.0,,,"[37.893328, 55.676748]"
358,Лянтор,,,107.0,,,,,"[72.155361, 61.620667]"
359,Магадан,52.0,44.0,2275.0,,103.0,,255.0,"[150.808586, 59.565155]"
360,Магнитогорск,1557.0,739.0,7025.0,2407.0,,,,"[58.980291, 53.407163]"
361,Майкоп,193.0,1144.0,2252.0,1782.0,2103.0,413.0,1425.0,"[40.105852, 44.606683]"
362,Майский,,615.0,1115.0,,,,,"[44.051756, 43.628254]"
363,Майский,,615.0,1115.0,,,,,"[36.455233, 50.523238]"
364,Мари-Турек,,4.0,,,,,,"[49.622164, 56.788707]"
365,Мариинск,,115.0,,,,,,"[87.742263, 56.206957]"
366,Маркс,,131.0,73.0,,,,,"[46.740144, 51.712591]"
367,Массандра,,137.0,,,,,,"[34.186035, 44.514701]"
368,Махачкала,800.0,1269.0,4193.0,322.0,3776.0,1724.0,2993.0,"[47.504745, 42.9831]"
369,Мглин,,1.0,,,,,,"[32.847815, 53.061074]"
370,Мегион,62.0,75.0,75.0,,,,,"[76.102621, 61.03289]"
371,Междуреченск,,,1842.0,,,,,"[88.080398, 53.685199]"
372,Междуреченский,,36.0,,,,,,"[65.900364, 59.596753]"
373,Мелеуз,96.0,702.0,32.0,18.0,,,,"[55.927672, 52.959143]"
374,Мельниково,,94.0,,,,,,"[84.079849, 56.55621]"
375,Мензелинск,,76.0,,,138.0,,,"[53.101429, 55.719972]"
376,Миасс,,512.0,456.0,1045.0,301.0,,,"[60.109599, 55.050432]"
377,Минеральные Воды,,189.0,,433.0,,,,"[43.13834, 44.208806]"
378,Минусинск,,146.0,,,,,,"[91.686981, 53.710015]"
379,Мирный,59.0,,6906.0,55.0,,,,"[113.978701, 62.541028]"
380,Мирный,59.0,,6906.0,55.0,,,,"[40.326613, 62.761555]"
381,Мирный,59.0,,6906.0,55.0,,,,"[61.733762, 55.251501]"
382,Митякинская,,46.0,,,,,,"[39.785926, 48.609866]"
383,Михайловка,158.0,,99.0,,,,,"[43.23445, 50.07938]"
384,Михайловка,158.0,,99.0,,,,,"[55.889629, 54.807658]"
385,Михайловск,,120.0,,,,,,"[59.125926, 56.444862]"
386,Михайловск,,120.0,,,,,,"[42.028803, 45.129667]"
387,Мичуринск,,1397.0,898.0,656.0,,,,"[40.49802, 52.893913]"
388,Мичуринский,,221.0,,,,,,"[34.235424, 53.274777]"
389,Мичуринское,,86.0,73.0,,,,,"[29.871876, 60.564878]"
390,Можга,,68.0,,,,,,"[52.213022, 56.440244]"
391,Моздок,,109.0,,105.0,,,,"[44.653887, 43.735433]"
392,Моздок,,109.0,,105.0,,,,"[44.653887, 43.735433]"
393,Мокшан,,71.0,,,,,,"[44.608109, 53.440114]"
394,Молодежный,,,165.0,,,,,"[104.417761, 52.232653]"
395,Молочное,,61.0,,,,,,"[39.676897, 59.289043]"
396,Мончегорск,,,,111.0,,,,"[32.937071, 67.938921]"
397,Москва,14212.0,26534.0,28398.0,60524.0,12298.0,17224.0,18605.0,"[37.617644, 55.755819]"
398,Московское,,98.0,,,,,,"[41.918652, 45.284999]"
399,Муравленко,,,69.0,,,,,"[74.494457, 63.795285]"
400,Мурманск,,1879.0,1807.0,442.0,245.0,420.0,1104.0,"[33.074918, 68.970663]"
401,Муром,402.0,,,,289.0,,,"[42.052411, 55.579174]"
402,Мухоршибирь,,,56.0,,,,,"[107.823679, 51.047343]"
403,Мценск,,134.0,,,,,,"[36.575006, 53.278939]"
404,Мыски,,,,158.0,,,,"[87.805747, 53.712514]"
405,Мытищи,1084.0,446.0,318.0,1423.0,,,1890.0,"[37.736743, 55.909968]"
406,Набережные Челны,,426.0,859.0,1560.0,423.0,,,"[52.403662, 55.741272]"
407,Нагорный,,114.0,,,,,,"[30.474627, 56.334517]"
408,Надеждино,,39.0,,,,,,"[50.373479, 54.117218]"
409,Назрань,,,667.0,,169.0,1538.0,2307.0,"[44.768485, 43.231409]"
410,Называевск,,57.0,,,,,,"[71.349186, 55.564821]"
411,Нальчик,558.0,1975.0,1017.0,1493.0,2706.0,1633.0,2454.0,"[43.607081, 43.485259]"
412,Наро-Фоминск,,133.0,92.0,,,,,"[36.72285, 55.383838]"
413,Нарьян-Мар,49.0,36.0,,39.0,,,,"[53.006926, 67.63805]"
414,Находка,194.0,103.0,153.0,,,,,"[132.89282, 42.824043]"
415,Невинномысск,1079.0,426.0,138.0,,,,,"[41.936061, 44.638287]"
416,Нерехта,,69.0,,,,,,"[40.572563, 57.460544]"
417,Нерчинск,,168.0,,,,,,"[116.585693, 51.977058]"
418,Нерюнгри,98.0,,1708.0,91.0,,,,"[124.712311, 56.657717]"
419,Нефтегорск,54.0,,67.0,,,,,"[51.163808, 52.797221]"
420,Нефтекамск,,327.0,534.0,25.0,,,,"[54.247751, 56.088483]"
421,Нефтеюганск,124.0,3.0,347.0,155.0,,,,"[72.616403, 61.088255]"
422,Нижневартовск,265.0,172.0,4107.0,17.0,80.0,,47.0,"[76.558902, 60.938545]"
423,Нижнекамск,3586.0,842.0,,721.0,381.0,,,"[51.819712, 55.637576]"
424,Нижний Ломов,,93.0,,,,,,"[43.672999, 53.530049]"
425,Нижний Новгород,1876.0,3899.0,3879.0,5184.0,4773.0,5667.0,5338.0,"[44.006516, 56.326797]"
426,Нижний Тагил,94.0,160.0,135.0,416.0,,,,"[59.971474, 57.907562]"
427,Нижняя Салда,,47.0,,,,,,"[60.716331, 58.07149]"
428,Нижняя Тура,,,214.0,,,,,"[59.851325, 58.631072]"
429,Никель,,,50.0,,,,,"[30.210065, 69.410035]"
430,Николаевск-на-Амуре,,,37.0,,,,,"[140.713795, 53.14025]"
431,Никологоры,,72.0,,,,,,"[41.993895, 56.140479]"
432,Никольск,66.0,,,,,,,"[45.45849, 59.530416]"
433,Никольск,66.0,,,,,,,"[46.084356, 53.71447]"
434,Новоалександрово,,,55.0,,,,,"[40.263542, 56.221324]"
435,Новоалександровск,,46.0,,,,,,"[41.215388, 45.49331]"
436,Новоалтайск,,,,125.0,,,,"[83.931079, 53.412021]"
437,Нововаршавка,,35.0,,,,,,"[74.692374, 54.174323]"
438,Новодвинск,22.0,46.0,,,,,,"[40.82083, 64.413687]"
439,Новозыбков,,,,38.0,,,,"[31.933231, 52.536723]"
440,Новокузнецк,1058.0,440.0,7786.0,1441.0,381.0,,,"[87.136053, 53.757553]"
441,Новокуйбышевск,862.0,180.0,,,,,,"[49.947776, 53.099469]"
442,Новолеушковская,,74.0,,,,,,"[39.987768, 46.000141]"
443,Новомичуринск,,97.0,,,,,,"[39.750865, 54.034574]"
444,Новомосковск,1415.0,88.0,,241.0,,1191.0,,"[38.291057, 54.010914]"
445,Новоомский,,76.0,,,,,,"[73.301, 54.841371]"
446,Новоорск,,,43.0,,,,,"[58.986337, 51.382956]"
447,Новороссийск,401.0,,415.0,,111.0,,,"[37.768813, 44.723771]"
448,Новосибирск,2729.0,5802.0,2750.0,8821.0,2781.0,6425.0,5557.0,"[82.92043, 55.030204]"
449,Новотроицк,572.0,99.0,,,,,,"[58.299683, 51.196355]"
450,Новотроицкая,,142.0,,,,,,"[41.534712, 45.372392]"
451,Новоузенск,,172.0,,,,,,"[48.13538, 50.462479]"
452,Новоульяновск,64.0,,,,,,,"[48.384824, 54.151718]"
453,Новоуральск,,79.0,,76.0,,,,"[60.095613, 57.247235]"
454,Новочебоксарск,214.0,,,,505.0,,,"[47.476807, 56.108738]"
455,Новочеркасск,3188.0,409.0,11520.0,2784.0,,,,"[40.093734, 47.422052]"
456,Новошахтинск,,91.0,,,,,,"[39.934705, 47.754315]"
457,Новый Быт,,186.0,,,,,,"[37.605122, 55.059817]"
458,Новый Уренгой,178.0,,263.0,,53.0,,,"[76.680956, 66.084539]"
459,Ногинск,,,,171.0,,,,"[38.441866, 55.854476]"
460,Норильск,93.0,77.0,1557.0,,,,,"[88.210393, 69.343985]"
461,Ноябрьск,,100.0,384.0,,,,,"[75.450938, 63.201805]"
462,Нурлат,,86.0,,,,,,"[50.804958, 54.428122]"
463,Нягань,,,147.0,,,,,"[65.433393, 62.14681]"
464,Облучье,,,56.0,,,,,"[131.05969, 49.020287]"
465,Обнинск,,,,,,1638.0,923.0,"[36.586459, 55.11202]"
466,Обоянь,,54.0,,,,,,"[36.267638, 51.209893]"
467,Одинцово,,141.0,,,,,,"[37.263663, 55.679138]"
468,Озерск,166.0,,69.0,63.0,,,,"[60.707608, 55.763189]"
469,Октемцы,,,36.0,,,,,"[129.425358, 61.674138]"
470,Октябрьский,,111.0,8766.0,,,,,"[53.46557, 54.481454]"
471,Октябрьский,,111.0,8766.0,,,,,"[43.171829, 61.089321]"
472,Олекминск,86.0,,114.0,,,,,"[120.403084, 60.372981]"
473,Оленегорск,,,62.0,,,,,"[33.270104, 68.14046]"
474,Омск,6528.0,3170.0,9453.0,9398.0,2220.0,1586.0,722.0,"[73.368221, 54.989347]"
475,Омутнинск,,54.0,,,,,,"[52.177161, 58.66406]"
476,Ордынское,,39.0,,,,,,"[81.899575, 54.367147]"
477,Орел,,567.0,230.0,311.0,604.0,,,"[36.064358, 52.970756]"
478,Оренбург,1751.0,2379.0,9232.0,2540.0,4409.0,1376.0,2690.0,"[55.096964, 51.768205]"
479,Орехово-Зуево,,189.0,,,2508.0,,,"[38.981601, 55.805842]"
480,Орлов,,,54.0,,,,,"[48.89284, 58.539037]"
481,Орск,195.0,29.0,308.0,174.0,,,,"[58.474675, 51.2293]"
482,Оса,,50.0,,,,,,"[55.470169, 57.288394]"
483,Осинники,,37.0,270.0,,,,,"[87.337078, 53.598754]"
484,Осташков,,,65.0,,,,,"[33.102873, 57.15605]"
485,Остров,,77.0,,,,,,"[28.352349, 57.342186]"
486,Острогожск,,94.0,,,209.0,,,"[39.082365, 50.860145]"
487,Отрадный,,,226.0,,,,,"[51.348789, 53.376549]"
488,Оха,,,139.0,,,,,"[142.949163, 53.588974]"
489,Оханск,,22.0,,,,,,"[55.388656, 57.721935]"
490,Очер,,50.0,,,,,,"[54.716096, 57.885268]"
491,Павловка,,50.0,,,,,,"[47.135753, 52.691013]"
492,Павловск,,,189.0,,,,,"[40.130439, 50.453624]"
493,Павловск,,,189.0,,,,,"[82.98951, 53.313535]"
494,Павлоградка,,62.0,,,,,,"[73.563533, 54.203372]"
495,Палласовка,,32.0,46.0,,,,,"[46.880407, 50.050172]"
496,Парковый,,132.0,,,,,,"[40.146869, 45.838031]"
497,Партизанск,,,67.0,,,,,"[133.123255, 43.11982]"
498,Пенза,699.0,3237.0,3575.0,4726.0,1720.0,653.0,1348.0,"[45.018316, 53.195042]"
499,Первомайский,55.0,,,,,,,"[37.503837, 54.036483]"
500,Первомайский,55.0,,,,,,,"[51.641055, 51.903798]"
501,Первомайский,55.0,,,,,,,"[61.174696, 54.865622]"
502,Первомайский,55.0,,,,,,,"[115.63833, 51.669294]"
503,Первомайское,,142.0,60.0,,,,,"[42.481536, 43.938113]"
504,Первомайское,,142.0,60.0,,,,,"[84.020812, 53.723059]"
505,Первомайское,,142.0,60.0,,,,,"[86.234952, 57.073198]"
506,Первоуральск,,92.0,,,,,,"[59.943267, 56.905819]"
507,Перевоз,,,143.0,,,,,"[44.54494, 55.596854]"
508,Переславль-Залесский,,87.0,,,,,,"[38.854382, 56.739194]"
509,Пермь,5575.0,4101.0,6041.0,2961.0,3536.0,4597.0,4609.0,"[56.229443, 58.010455]"
510,Петрозаводск,,355.0,3303.0,134.0,1553.0,,1209.0,"[34.346878, 61.785021]"
511,Петропавловск-Камчатский,,937.0,76.0,449.0,280.0,,945.0,"[158.643503, 53.024265]"
512,Петушки,,49.0,55.0,,,,,"[39.459352, 55.931104]"
513,Печора,,82.0,,,,,,"[57.223977, 65.148606]"
514,Пласт,,,95.0,,,,,"[60.808408, 54.363281]"
515,Платнировская,,132.0,,,,,,"[39.389104, 45.391637]"
516,Плесецк,,36.0,,,,,,"[40.281194, 62.710039]"
517,Подгородняя Покровка,,,158.0,,,,,"[54.97615, 51.831971]"
518,Подольск,,,615.0,152.0,,,,"[37.544997, 55.431136]"
519,Покачи,,,29.0,,,,,"[75.599753, 61.741652]"
520,Покров,,,,,80.0,,,"[39.175745, 55.918081]"
521,Покровское,,61.0,,,,,,"[36.870641, 52.607847]"
522,Полевской,,,31.0,,,,,"[60.236307, 56.495802]"
523,Полтавка,,82.0,,,,,,"[71.765635, 54.366424]"
524,Полтавская,,,51.0,,,,,"[38.211476, 45.366801]"
525,Полярные Зори,,,,72.0,,,,"[32.500975, 67.365788]"
526,Почеп,61.0,61.0,,,,,,"[33.454267, 52.929135]"
527,Починки,,43.0,,,,,,"[44.861964, 54.697714]"
528,Прасковея,,189.0,154.0,,,,,"[44.202466, 44.744696]"
529,Пречистое,,23.0,,,,,,"[40.318456, 58.429344]"
530,Приаргунск,,96.0,,,,,,"[119.091867, 50.364805]"
531,Приморско-Ахтарск,,,29.0,,,,,"[38.177654, 46.043509]"
532,Приозерск,,86.0,,,,,,"[30.115589, 61.035979]"
533,Прокопьевск,,242.0,3160.0,,,,,"[86.750055, 53.884493]"
534,Пролетарск,,72.0,,,,,,"[41.727544, 46.703855]"
535,Псков,,345.0,176.0,278.0,204.0,,746.0,"[28.33246, 57.819274]"
536,Пугачев,,,58.0,,,,,"[48.812036, 52.0119]"
537,Пущино,,136.0,,,,,1649.0,"[37.620986, 54.832484]"
538,Пятигорск,,1640.0,245.0,348.0,2748.0,,,"[43.070643, 44.039802]"
539,Радужный,,,68.0,,,,,"[40.332605, 55.995659]"
540,Радужный,,,68.0,,,,,"[77.458448, 62.134265]"
541,Райчихинск,,,136.0,,,,,"[129.411255, 49.794114]"
542,Ракитное,,57.0,,,,,,"[35.831389, 50.834383]"
543,Раменское,,243.0,,,,,,"[38.225004, 55.567586]"
544,Реж,,100.0,,,,,,"[61.391648, 57.373777]"
545,Реутов,285.0,293.0,298.0,,84.0,,,"[37.85515, 55.760515]"
546,Ржев,76.0,,,,,,,"[34.334419, 56.263017]"
547,Ровеньки,,,,41.0,,,,"[38.891985, 49.914716]"
548,Родники,,68.0,,,,,,"[41.733366, 57.107152]"
549,Рославль,,,,,344.0,,,"[32.857498, 53.947229]"
550,Россошь,98.0,263.0,,,252.0,,,"[39.562632, 50.198256]"
551,Ростов-на-Дону,1561.0,4796.0,7399.0,10971.0,3541.0,5670.0,4895.0,"[39.720358, 47.222078]"
552,Рошаль,60.0,62.0,,,,,,"[39.862768, 55.663283]"
553,Рубцовск,,137.0,321.0,,,,,"[81.217673, 51.527623]"
554,Рузаевка,,,,99.0,,,,"[44.94911, 54.058274]"
555,Русская Поляна,,39.0,,,,,,"[73.878374, 53.778852]"
556,Русский Камешкир,,4.0,,,,,,"[46.087536, 52.860048]"
557,Рыбинск,,145.0,,963.0,,,,"[38.855711, 58.04864]"
558,Рыбная Слобода,,28.0,,,,,,"[50.140339, 55.463156]"
559,Рыбное,,418.0,,,,,,"[39.505463, 54.730812]"
560,Рыбное,,418.0,,,,,,"[37.619782, 56.41525]"
561,Рыльск,,55.0,,,,,,"[34.681052, 51.571263]"
562,Рязаново,,49.0,40.0,,,,,"[49.410826, 53.985255]"
563,Рязань,2242.0,1200.0,341.0,2070.0,3694.0,1153.0,969.0,"[39.741917, 54.629565]"
564,Савали,,106.0,,,,,,"[50.634835, 56.536356]"
565,Салават,3193.0,297.0,668.0,,,,,"[55.924681, 53.361651]"
566,Салехард,,,71.0,,,,,"[66.614507, 66.529866]"
567,Сальск,,182.0,,,,,,"[41.541503, 46.474898]"
568,Самара,6360.0,3918.0,3765.0,8120.0,6319.0,7068.0,4306.0,"[50.100202, 53.195878]"
569,Санкт-Петербург,24029.0,21011.0,12788.0,30460.0,2538.0,7521.0,9340.0,"[30.315877, 59.939099]"
570,Сараи,,56.0,,,,,,"[41.00953, 53.738059]"
571,Саранск,688.0,1264.0,1463.0,1394.0,2288.0,2412.0,2278.0,"[45.183938, 54.187433]"
572,Сарапул,,169.0,,,,,,"[53.803687, 56.461218]"
573,Саратов,2907.0,7161.0,8131.0,5835.0,3741.0,2650.0,4441.0,"[46.034266, 51.533562]"
574,Саров,,145.0,,,,,,"[43.344853, 54.922793]"
575,Сарыг-Сеп,,194.0,,,,,,"[95.548012, 51.491798]"
576,Сасово,,86.0,,,,,,"[41.924087, 54.349933]"
577,Сатка,127.0,,114.0,,,,,"[58.974578, 55.047456]"
578,Сафоново,107.0,105.0,,,,,,"[33.23798, 55.106057]"
579,Саяногорск,,,,,381.0,,,"[91.412204, 53.100762]"
580,Светлый,22.0,170.0,29.0,,,,,"[20.131093, 54.673268]"
581,Светлый,22.0,170.0,29.0,,,,,"[113.426974, 63.049927]"
582,Светлый Яр,145.0,142.0,,,635.0,,,"[44.78002, 48.475809]"
583,Свирск,53.0,,,,,,,"[103.342253, 53.066572]"
584,Свобода,,44.0,,,,,,"[36.304738, 51.973774]"
585,Свободный,122.0,,28.0,,,,,"[128.134156, 51.375889]"
586,Севастополь,,420.0,235.0,,,,,"[33.525135, 44.616495]"
587,Северобайкальск,,,78.0,,,,,"[109.335597, 55.636001]"
588,Северодвинск,,,1.0,604.0,,,,"[39.823781, 64.563386]"
589,Североуральск,,88.0,85.0,,,,,"[59.952161, 60.152394]"
590,Северск,1457.0,110.0,,,,,,"[84.880913, 56.60319]"
591,Северская,,,91.0,,,,,"[38.677027, 44.851631]"
592,Селенгинск,,52.0,,,554.0,,,"[106.862616, 52.005386]"
593,Семенов,,73.0,,,,,,"[44.49034, 56.789017]"
594,Семилуки,102.0,111.0,,,,,,"[39.020211, 51.69463]"
595,Сенгилей,,19.0,,,,,,"[48.790593, 53.962075]"
596,Сергиев Посад,271.0,,283.0,,,,,"[38.135972, 56.315311]"
597,Сергиевск,,56.0,,,,,,"[51.166493, 53.941405]"
598,Серебряные Пруды,,,,,,,,"[38.727863, 54.474303]"
599,Серноводск,,,146.0,,,,,"[51.255759, 53.921982]"
600,Серов,,79.0,,,,,,"[60.573588, 59.605395]"
601,Серпухов,,,185.0,,286.0,,,"[37.416601, 54.913681]"
602,Сибай,,114.0,153.0,,,,658.0,"[58.665665, 52.72039]"
603,Симферополь,225.0,948.0,384.0,,332.0,,,"[34.100327, 44.948237]"
604,Скопин,,89.0,,,,,,"[39.54939, 53.82359]"
605,Славгород,,,141.0,,,,,"[78.648671, 52.997158]"
606,Славянск-на-Кубани,,,42.0,,,,,"[38.12822, 45.260332]"
607,Слободской,,77.0,,,,,,"[50.183674, 58.731886]"
608,Смоленск,,611.0,2671.0,,2793.0,,,"[32.045287, 54.782635]"
609,Снежное,,,58.0,,,,,"[57.179502, 56.503155]"
610,Советск,,211.0,158.0,,,,,"[21.888656, 55.081034]"
611,Советск,,211.0,158.0,,,,,"[48.959521, 57.587599]"
612,Советск,,211.0,158.0,,,,,"[37.626636, 53.932946]"
613,Советская Гавань,56.0,,,,,,,"[140.285128, 48.966446]"
614,Советский,,,95.0,,,,,"[63.566802, 61.370766]"
615,Советский,,,95.0,,,,,"[34.929005, 45.340396]"
616,Советский,,,95.0,,,,,"[63.566802, 61.370766]"
617,Совхоз Мамадышский,,88.0,,,,,,"[51.385494, 55.707699]"
618,Сокольское,,110.0,,,,,,"[43.159746, 57.141617]"
619,Соликамск,208.0,99.0,270.0,118.0,,,,"[56.770391, 59.649193]"
620,Солнечногорск,,384.0,390.0,268.0,,,,"[36.977631, 56.185107]"
621,Солнечный,,,63.0,,,,,"[136.641983, 50.723258]"
622,Солнцево,,39.0,,,,,,"[36.752594, 51.4118]"
623,Соль-Илецк,,49.0,,,,,,"[54.980031, 51.161986]"
624,Сорочинск,,30.0,39.0,,,,,"[53.161149, 52.431316]"
625,Сортавала,,,62.0,,,,,"[30.691633, 61.702943]"
626,Сочи,,537.0,123.0,,183.0,,175.0,"[39.723098, 43.585472]"
627,Спас-Клепики,,41.0,,,,,,"[40.17628, 55.131167]"
628,Спасск,,,83.0,,,,,"[43.187729, 53.926499]"
629,Спасск-Рязанский,,71.0,,,,,,"[40.380988, 54.403896]"
630,Спасское,,26.0,,,,,,"[45.695834, 55.858049]"
631,Спасское,,26.0,,,,,,"[132.797005, 44.614493]"
632,Ставрополь,1016.0,5969.0,15615.0,425.0,4536.0,1659.0,1941.0,"[41.96911, 45.043317]"
633,Старая Русса,,56.0,,,,,,"[31.355461, 57.99072]"
634,Стародеревянковская,,142.0,,,,,,"[38.965809, 46.125839]"
635,Старое Дрожжаное,,88.0,,,,,,"[47.56309, 54.724235]"
636,Староминская,,79.0,,,,,,"[39.062629, 46.538766]"
637,Старощербиновская,,122.0,,,,,,"[38.666787, 46.633433]"
638,Старый Оскол,135.0,148.0,2539.0,521.0,437.0,,,"[37.833231, 51.297974]"
639,Старый Черек,,,104.0,,,,,"[43.853336, 43.469343]"
640,Степное Озеро,,,,,254.0,,,"[79.854237, 52.779766]"
641,Стерлитамак,2854.0,197.0,1131.0,1105.0,479.0,966.0,1581.0,"[55.930825, 53.630403]"
642,Стрежевой,,,21.0,,,,,"[77.604011, 60.732867]"
643,Строитель,,82.0,116.0,,,,,"[36.486998, 50.785172]"
644,Строитель,,82.0,116.0,,,,,"[36.058771, 55.498296]"
645,Строитель,,82.0,116.0,,,,,"[41.450028, 52.649155]"
646,Ступино,,,,97.0,148.0,,,"[38.078237, 54.88628]"
647,Сунжа,,,31.0,,105.0,,,"[45.047682, 43.320353]"
648,Сунтар,,,24.0,,,,,"[117.647601, 62.160619]"
649,Сураж,,60.0,,,,,,"[32.393043, 53.013891]"
650,Сургут,197.0,284.0,2345.0,856.0,230.0,1096.0,879.0,"[73.393032, 61.241778]"
651,Суровикино,,60.0,,,,,,"[42.844249, 48.60538]"
652,Сухой Лог,76.0,,35.0,,,,,"[62.035542, 56.905431]"
653,Сызрань,532.0,,,244.0,518.0,,,"[48.474611, 53.155669]"
654,Сыктывкар,656.0,115.0,122.0,354.0,155.0,811.0,687.0,"[50.836497, 61.668797]"
655,Таврическое,,43.0,,,,,,"[73.638021, 54.584469]"
656,Таганрог,,78.0,,159.0,,,,"[38.936694, 47.208735]"
657,Талица,,,230.0,,,,,"[63.733394, 57.014273]"
658,Тамбов,1454.0,1818.0,1154.0,2148.0,446.0,1258.0,1341.0,"[41.45275, 52.721295]"
659,Тара,,,444.0,,,,,"[74.371981, 56.901838]"
660,Тарбагатай,,31.0,,,,,,"[107.360543, 51.481641]"
661,Ташла,,,44.0,,,,,"[52.743055, 51.768076]"
662,Тверь,2247.0,1771.0,3573.0,1781.0,1771.0,3965.0,1743.0,"[35.91186, 56.859625]"
663,Тейково,,38.0,,,,,,"[40.535471, 56.85436]"
664,Темников,,,220.0,,,,,"[43.216089, 54.630972]"
665,Темрюк,,327.0,89.0,215.0,62.0,,,"[37.365388, 45.282044]"
666,Техникумовский,,,29.0,,,,,"[36.355844, 52.470514]"
667,Тикси,,,19.0,,,,,"[128.870855, 71.639263]"
668,Тимашевск,67.0,70.0,121.0,,,,,"[38.933973, 45.6142]"
669,Тихвин,,148.0,,,,,,"[33.542105, 59.644213]"
670,Тихменево,,,61.0,,,,,"[38.612043, 57.989723]"
671,Тихорецк,181.0,190.0,,352.0,,,,"[40.123171, 45.852784]"
672,Тобольск,662.0,254.0,,,474.0,,500.0,"[68.253995, 58.200891]"
673,Тогул,,83.0,,,,,,"[85.909664, 53.467482]"
674,Тогучин,,,35.0,,,,,"[84.402874, 55.238018]"
675,Тольятти,2025.0,2327.0,19.0,1453.0,638.0,822.0,,"[49.420411, 53.507852]"
676,Томск,9499.0,1657.0,4131.0,9385.0,7173.0,4325.0,3945.0,"[84.947649, 56.484645]"
677,Тоора-Хем,,,68.0,,,,,"[96.114651, 52.463513]"
678,Торбеево,,98.0,,,,,,"[43.245958, 54.074511]"
679,Тосно,,62.0,,,,,,"[30.875006, 59.541179]"
680,Тотьма,,90.0,,,,,,"[42.758873, 59.973487]"
681,Троицк,,332.0,,,,,502.0,"[61.559004, 54.082757]"
682,Трубчевск,,,25.0,,,,,"[33.766082, 52.579083]"
683,Трудобеликовский,,,,,131.0,,,"[38.150516, 45.266193]"
684,Трусово,,,14.0,,,,,"[47.952645, 46.346121]"
685,Туапсе,,83.0,37.0,,,,,"[39.073382, 44.095245]"
686,Туймазы,110.0,,,,432.0,,,"[53.694955, 54.600708]"
687,Тула,,1174.0,3164.0,1480.0,1629.0,2476.0,2605.0,"[37.617348, 54.193122]"
688,Туринск,,68.0,,,,,,"[63.690814, 58.052474]"
689,Тында,,,,156.0,,,,"[124.73644, 55.149666]"
690,Тюмень,3357.0,1992.0,5288.0,4701.0,3818.0,3747.0,5259.0,"[65.541227, 57.152985]"
691,Тюнгюлю,,22.0,,,,,,"[130.713201, 62.192133]"
692,Ува,,127.0,,,,,,"[52.18768, 56.982882]"
693,Уварово,,,68.0,,,,,"[42.261009, 51.983105]"
694,Углич,,36.0,,,,,,"[38.319372, 57.526597]"
695,Удомля,,78.0,,,,,,"[35.005739, 57.871648]"
696,Узловая,,,,361.0,,,,"[38.160308, 53.97844]"
697,Улан-Удэ,722.0,2202.0,3558.0,1137.0,1329.0,564.0,1333.0,"[107.584547, 51.834809]"
698,Ульяновск,,952.0,4403.0,2326.0,2302.0,709.0,2357.0,"[48.403132, 54.314192]"
699,Урай,,,94.0,,,,,"[64.803225, 60.128955]"
700,Урень,63.0,,,,,,,"[45.799536, 57.463042]"
701,Уржум,,61.0,,,,,,"[50.005726, 57.109738]"
702,Урняк,,73.0,,,,,,"[50.003193, 56.233169]"
703,Урюпинск,,,50.0,,,,,"[41.995593, 50.79451]"
704,Усинск,,,1147.0,,,,,"[57.55701, 65.994148]"
705,Усмань,,,101.0,,132.0,,,"[39.736069, 52.043386]"
706,Усолье-Сибирское,70.0,39.0,,,171.0,,,"[103.637332, 52.757095]"
707,Уссурийск,,124.0,791.0,309.0,,,,"[131.952122, 43.797247]"
708,Усть-Илимск,,66.0,,,,,,"[102.733519, 57.942686]"
709,Усть-Кинельский,,,30.0,,,,,"[50.56791, 53.265768]"
710,Усть-Лабинск,,,91.0,,,,,"[39.691225, 45.213657]"
711,Уфа,2786.0,12206.0,11322.0,7141.0,5176.0,6607.0,6852.0,"[55.958736, 54.735152]"
712,Ухта,160.0,,9842.0,1014.0,,,,"[53.663999, 63.566006]"
713,Учалы,,158.0,150.0,,,,,"[59.379152, 54.316497]"
714,Учебное,,66.0,,,,,,"[43.929432, 43.779455]"
715,Фатеж,,41.0,,,,,,"[35.860935, 52.089598]"
716,Феодосия,,128.0,,,,,,"[35.383911, 45.026654]"
717,Фролово,,,161.0,,,,,"[43.649185, 49.765605]"
718,Хабаровск,1233.0,738.0,4196.0,2595.0,2534.0,,,"[135.071917, 48.480229]"
719,Хандыга,,,134.0,,,,,"[135.563053, 62.653533]"
720,Ханты-Мансийск,,,5192.0,,,1365.0,,"[69.046866, 61.035726]"
721,Ханты-Мансийск,,,5192.0,,,1365.0,,"[69.018911, 61.003184]"
722,Харабали,,,13.0,,,,,"[47.249713, 47.40307]"
723,Хасавюрт,,,,,255.0,,,"[46.585526, 43.248524]"
724,Химки,,,,160.0,,,,"[37.444853, 55.889361]"
725,Холмск,,54.0,,,,,,"[142.042017, 47.040819]"
726,Хор,,61.0,,,,,,"[134.963041, 47.885839]"
727,Чадан,,138.0,,,,,,"[91.567406, 51.28294]"
728,Чайковский,142.0,126.0,339.0,,289.0,,,"[54.14881, 56.778081]"
729,Чапаевск,83.0,,,,,,,"[49.710217, 52.981709]"
730,Частоозерье,,17.0,,,,,,"[67.907299, 55.568334]"
731,Чаши,,24.0,,,,,,"[64.87544, 55.898997]"
732,Чебоксары,1608.0,510.0,1888.0,3862.0,6129.0,1711.0,,"[47.247728, 56.139918]"
733,Чегдомын,50.0,,41.0,,,,,"[133.035948, 51.133904]"
734,Челябинск,1933.0,3462.0,2422.0,2338.0,3014.0,4122.0,3985.0,"[61.402554, 55.159902]"
735,Чердынь,,35.0,,,,,,"[56.482166, 60.401192]"
736,Черемхово,,77.0,112.0,,,,,"[103.090096, 53.136917]"
737,Черепаново,,63.0,,,,,,"[83.37221, 54.228417]"
738,Череповец,1456.0,237.0,310.0,916.0,,,1112.0,"[37.90347, 59.122612]"
739,Черкесск,,,135.0,,1199.0,,,"[42.048279, 44.228374]"
740,Черногорск,159.0,104.0,157.0,,,,,"[91.306005, 53.827013]"
741,Чернушка,,,209.0,,,,,"[56.07637, 56.516015]"
742,Чернянка,,,,53.0,,,,"[37.804134, 50.940917]"
743,Чистополь,,77.0,98.0,104.0,,,,"[50.643575, 55.372339]"
744,Чита,8.0,244.0,6513.0,416.0,601.0,370.0,255.0,"[113.501049, 52.033635]"
745,Чунский,,47.0,,,,,,"[99.6619, 56.088298]"
746,Шадринск,,112.0,,,,,,"[63.629747, 56.087042]"
747,Шаранга,,5.0,,,,,,"[46.544365, 57.177128]"
748,Шарыпово,,92.0,47.0,,,,,"[89.18016, 55.53909]"
749,Шарья,,,68.0,,,,,"[45.518264, 58.369854]"
750,Шахтерск,,,125.0,,,,,"[142.105133, 49.159794]"
751,Шахты,780.0,231.0,859.0,844.0,,,,"[40.215401, 47.709237]"
752,Шахунья,,99.0,,,,,,"[46.612933, 57.676341]"
753,Шебекино,145.0,65.0,,,,,,"[36.879319, 50.404344]"
754,Шира,,63.0,,,,,,"[89.962817, 54.487197]"
755,Школьный,,46.0,,,,,,"[86.825819, 54.002019]"
756,Шлиссельбург,,153.0,,,,,,"[31.034754, 59.944959]"
757,Шушенское,,87.0,110.0,,,,,"[91.935643, 53.333763]"
758,Шуя,,168.0,,,436.0,,,"[41.384622, 56.854404]"
759,Щекино,124.0,,,119.0,,,,"[37.518165, 54.001574]"
760,Щигры,,60.0,,,,,,"[36.912341, 51.873243]"
761,Электроизолятор,207.0,,,,,,,"[38.501137, 55.586237]"
762,Электросталь,116.0,198.0,,476.0,,,,"[38.444858, 55.78445]"
763,Элиста,,,380.0,,1148.0,2149.0,1624.0,"[44.269759, 46.307743]"
764,Энгельс,507.0,516.0,525.0,135.0,669.0,,,"[46.124052, 51.50105]"
765,Эркен-Шахар,,,74.0,,,,,"[41.959382, 44.372464]"
766,Югорск,,,95.0,,,,,"[63.331964, 61.314917]"
767,Южно-Сахалинск,,69.0,1187.0,,,,181.0,"[142.729587, 46.957771]"
768,Южноуральск,,80.0,,,,,,"[61.268237, 54.442455]"
769,Юрга,,,248.0,,,,,"[84.933878, 55.713557]"
770,Ютановка,,,,46.0,,,,"[37.796768, 50.4909]"
771,Яблоновский,,,,,30.0,,,"[38.936362, 44.981285]"
772,Якутск,786.0,1159.0,10835.0,259.0,1454.0,761.0,1804.0,"[129.732178, 62.027221]"
773,Ялта,,,,,378.0,,,"[34.169506, 44.497415]"
774,Ялуторовск,,,,,186.0,,,"[66.312215, 56.654694]"
775,Яныль,,77.0,,,,,,"[50.578519, 56.253447]"
776,Яровое,,59.0,,,,,,"[78.580049, 52.919743]"
777,Ярославль,5947.0,928.0,528.0,2636.0,2055.0,3695.0,2402.0,"[39.893813, 57.626559]"
778,Ярцево,,59.0,,,,,,"[32.688292, 55.066123]"
