,city,11,15,18,27,coordinates
0,Абаза,,55.0,,,"[90.088581, 52.651662]"
1,Абакан,,531.0,,,"[91.442396, 53.721152]"
2,Абзелилово,,63.0,,,"[58.661183, 53.467766]"
3,Авторемзавод,,116.0,,,"[31.684901, 54.759711]"
4,Агроном,,77.0,,,"[39.020525, 53.040294]"
5,Азнакаево,,57.0,,,"[53.079923, 54.858233]"
6,Азов,,797.0,,212.0,"[39.423581, 47.112448]"
7,Айхал,,51.0,,,"[111.502199, 65.942105]"
8,Ак-Довурак,,87.0,,,"[90.601061, 51.19084]"
9,Акбулак,,60.0,,,"[55.619263, 51.004293]"
10,Аксай,79.0,68.0,,,"[39.862283, 47.269914]"
11,Алапаевск,,105.0,,,"[61.694524, 57.852511]"
12,Алатырь,,99.0,,,"[46.591949, 54.840526]"
13,Алдан,,100.0,62.0,,"[125.388878, 58.608597]"
14,Алейск,,67.0,,,"[82.779457, 52.492167]"
15,Александров,,100.0,,,"[38.727621, 56.397774]"
16,Александров Гай,,64.0,,,"[48.585724, 50.143774]"
17,Александровск,,40.0,,,"[57.584669, 59.16293]"
18,Алексеевка,,68.0,,,"[38.686568, 50.630035]"
19,Алексин,,248.0,124.0,,"[37.066034, 54.502429]"
20,Алтайское,,102.0,,,"[85.338182, 51.952237]"
21,Альметьевск,,2633.0,,353.0,"[52.29723, 54.901171]"
22,Амурск,,57.0,77.0,,"[136.910607, 50.226797]"
23,Ангарск,914.0,1502.0,2011.0,,"[103.888249, 52.544358]"
24,Анжеро-Судженск,,144.0,140.0,,"[86.018216, 56.08318]"
25,Апатиты,,52.0,,,"[33.407187, 67.568023]"
26,Апшеронск,,270.0,,,"[39.727095, 44.465535]"
27,Аргун,,157.0,,,"[45.867439, 43.292662]"
28,Арзамас,1281.0,2192.0,,,"[43.814133, 55.386799]"
29,Армавир,216.0,546.0,135.0,,"[41.129644, 44.997655]"
30,Армянск,,147.0,134.0,,"[33.691315, 46.110727]"
31,Арсеньев,,189.0,,30.0,"[133.268729, 44.163345]"
32,Артем,,192.0,,,"[132.180339, 43.353047]"
33,Артемовский,,65.0,,,"[61.895513, 57.337669]"
34,Арти,,21.0,,,"[58.532544, 56.416794]"
35,Архангельск,324.0,2078.0,1044.0,455.0,"[40.515762, 64.539911]"
36,Асбест,,92.0,,,"[61.461474, 57.014317]"
37,Асино,,67.0,,,"[86.153906, 56.997519]"
38,Астрахань,2461.0,4443.0,3133.0,,"[48.030178, 46.347614]"
39,Аткарск,,60.0,,,"[45.003655, 51.877724]"
40,Атяшево,,19.0,,,"[46.077537, 54.588027]"
41,Ахтубинск,820.0,,,,"[46.164422, 48.284884]"
42,Ахтырский,,120.0,,,"[38.299825, 44.85036]"
43,Ачинск,96.0,467.0,170.0,,"[90.49524, 56.269501]"
44,Байкальск,,50.0,,,"[104.149928, 51.522826]"
45,Баймак,,218.0,,,"[58.308136, 52.597811]"
46,Бакал,,39.0,,,"[58.80918, 54.938064]"
47,Баксан,,90.0,,,"[43.534622, 43.681946]"
48,Балаково,,618.0,821.0,566.0,"[47.819676, 52.01843]"
49,Балахна,70.0,208.0,,,"[43.601331, 56.504919]"
50,Балашиха,122.0,128.0,150.0,,"[37.938118, 55.797007]"
51,Балашов,,213.0,,,"[43.146478, 51.554601]"
52,Баранчинский,,46.0,,,"[59.696581, 58.162281]"
53,Барда,,26.0,,,"[55.591451, 56.927192]"
54,Барнаул,718.0,5064.0,3128.0,1249.0,"[83.776856, 53.346785]"
55,Барыш,,51.0,,,"[47.118038, 53.653474]"
56,Батайск,240.0,119.0,,,"[39.744469, 47.138333]"
57,Бахчисарай,,113.0,,,"[33.848035, 44.744997]"
58,Бегуницы,,56.0,,,"[29.30494, 59.58506]"
59,Бежецк,,88.0,,,"[36.693188, 57.781318]"
60,Белая Калитва,,142.0,,,"[40.802388, 48.177644]"
61,Белая Холуница,,29.0,,,"[50.85273, 58.84356]"
62,Белгород,1599.0,8799.0,3918.0,2208.0,"[36.587277, 50.595414]"
63,Белебей,,271.0,,,"[54.110111, 54.103214]"
64,Белово,168.0,173.0,,189.0,"[86.303701, 54.42212]"
65,Белорецк,,359.0,,120.0,"[58.410023, 53.967621]"
66,Белореченск,,87.0,94.0,,"[39.86849, 44.766017]"
67,Белоярский,,129.0,,,"[66.667597, 63.716043]"
68,Белоярский,,129.0,,,"[61.393211, 56.750981]"
69,Белый Яр,,14.0,,,"[85.047236, 58.442558]"
70,Бердск,171.0,173.0,200.0,,"[83.107135, 54.758288]"
71,Березники,,1556.0,1351.0,,"[56.806719, 59.407024]"
72,Березовка,,106.0,,,"[93.126603, 56.037136]"
73,Березовский,,188.0,68.0,,"[60.816457, 56.909583]"
74,Березовский,,188.0,68.0,,"[86.274523, 55.669361]"
75,Бийск,287.0,1203.0,1373.0,,"[85.220656, 52.541811]"
76,Бирск,139.0,,,,"[55.530716, 55.417531]"
77,Бирюч,,66.0,,79.0,"[38.40023, 50.649337]"
78,Бисерть,,19.0,,,"[59.050629, 56.862243]"
79,Благовещенка,,57.0,,,"[79.868718, 52.833975]"
80,Благовещенск,293.0,1696.0,1346.0,91.0,"[55.955224, 55.049854]"
81,Благовещенск,293.0,1696.0,1346.0,91.0,"[127.534611, 50.257456]"
82,Благодарный,,106.0,,,"[43.44003, 45.095656]"
83,Богданович,,73.0,62.0,,"[62.057129, 56.773977]"
84,Богородицк,69.0,69.0,,,"[38.131696, 53.770699]"
85,Богородск,,90.0,,,"[43.516764, 56.103362]"
86,Болохово,,105.0,,,"[37.826799, 54.082113]"
87,Большая Глушица,,31.0,,,"[50.471907, 52.392769]"
88,Большеречье,,48.0,,,"[74.639032, 56.095328]"
89,Большой Камень,,152.0,,131.0,"[132.350345, 43.111725]"
90,Бор,,163.0,,,"[44.064575, 56.356522]"
91,Бор,,163.0,,,"[33.792357, 59.473563]"
92,Борисовка,,86.0,,,"[36.009085, 50.607918]"
93,Борисоглебск,165.0,855.0,,,"[42.075183, 51.366308]"
94,Боровичи,,107.0,105.0,,"[33.910459, 58.390115]"
95,Борское,,35.0,,,"[51.698871, 53.025456]"
96,Братск,539.0,1505.0,120.0,588.0,"[101.633505, 56.151682]"
97,Бреды,,64.0,,,"[60.337259, 52.422348]"
98,Бронницы,,182.0,,,"[38.264243, 55.42565]"
99,Брянск,1554.0,8811.0,263.0,2190.0,"[34.363991, 53.2434]"
100,Бугульма,,798.0,575.0,,"[52.798634, 54.541877]"
101,Бугуруслан,,295.0,,,"[52.432606, 53.6523]"
102,Буденновск,,90.0,89.0,,"[44.165024, 44.781528]"
103,Бузулук,156.0,,,,"[52.263292, 52.787097]"
104,Буй,,133.0,,,"[41.533113, 58.481724]"
105,Буйнакск,,181.0,,,"[47.115927, 42.821755]"
106,Бутурлиновка,,178.0,,,"[40.584825, 50.835367]"
107,Валдай,,17.0,,,"[33.246406, 57.98069]"
108,Валуйки,,94.0,,,"[38.100111, 50.211332]"
109,Ванино,,72.0,,,"[140.256337, 49.09088]"
110,Ванновское,,29.0,,,"[40.230511, 45.322477]"
111,Варгаши,,39.0,,,"[65.815761, 55.375496]"
112,Варна,,34.0,,,"[60.983202, 53.383575]"
113,Великие Луки,92.0,211.0,,,"[30.515671, 56.343703]"
114,Великий Новгород,2504.0,1450.0,171.0,60.0,"[31.269816, 58.522857]"
115,Великий Устюг,,96.0,,,"[46.297849, 60.761156]"
116,Верхнеднепровский,,55.0,59.0,,"[33.344969, 54.981397]"
117,Верхнеяркеево,,54.0,,,"[54.306914, 55.451624]"
118,Верхние Киги,,27.0,,,"[58.600241, 55.407627]"
119,Верхние Серги,,54.0,,,"[59.558932, 56.649241]"
120,Верхний Уфалей,,37.0,,,"[60.221107, 56.054673]"
121,Верхняя Пышма,,1044.0,97.0,,"[60.573462, 56.970236]"
122,Верхняя Салда,,403.0,,,"[60.546253, 58.050898]"
123,Верхняя Тура,,38.0,,,"[59.820153, 58.359818]"
124,Вичуга,,71.0,,,"[41.918158, 57.217138]"
125,Владивосток,3084.0,6346.0,1458.0,2324.0,"[131.885494, 43.115542]"
126,Владикавказ,3311.0,2404.0,,546.0,"[44.681771, 43.024616]"
127,Владикавказ,3311.0,2404.0,,546.0,"[44.681771, 43.024616]"
128,Владимир,2380.0,3989.0,802.0,2129.0,"[40.406635, 56.129057]"
129,Вознесенская,,112.0,,,"[41.029275, 44.548519]"
130,Волгоград,3069.0,8716.0,8051.0,3159.0,"[44.516975, 48.707067]"
131,Волгодонск,128.0,2134.0,,474.0,"[42.206329, 47.519624]"
132,Волжск,,120.0,34.0,,"[48.378168, 55.860428]"
133,Волжский,160.0,2238.0,2013.0,695.0,"[44.751229, 48.786127]"
134,Волжский,160.0,2238.0,2013.0,695.0,"[44.571503, 56.046519]"
135,Вологда,253.0,1873.0,,455.0,"[39.891523, 59.220501]"
136,Волхов,,188.0,267.0,,"[32.352681, 59.900543]"
137,Вольск,,100.0,89.0,,"[47.387299, 52.045978]"
138,Воркута,,77.0,,,"[64.050113, 67.493504]"
139,Воронеж,3332.0,13831.0,4610.0,6742.0,"[39.200296, 51.660781]"
140,Воскресенск,,106.0,139.0,100.0,"[38.673362, 55.322978]"
141,Воткинск,,997.0,,,"[53.985236, 57.05232]"
142,Выборг,,79.0,113.0,,"[28.749781, 60.710496]"
143,Выкса,,1071.0,,519.0,"[42.16797, 55.320688]"
144,Выльгорт,,58.0,,,"[50.768369, 61.626965]"
145,Вытегра,,82.0,,,"[36.449511, 61.006359]"
146,Вышний Волочек,,79.0,,,"[34.558836, 57.584174]"
147,Вязники,,107.0,,,"[42.158862, 56.247026]"
148,Вязьма,,487.0,,15.0,"[34.298037, 55.205944]"
149,Вятские Поляны,,99.0,,,"[51.074919, 56.222896]"
150,Гаврилов-Ям,,82.0,,,"[39.853847, 57.303956]"
151,Галич,,68.0,,,"[42.34749, 58.381203]"
152,Гатчина,,181.0,,,"[30.122892, 59.56841]"
153,Геленджик,,,,24.0,"[38.077115, 44.561012]"
154,Георгиевск,,288.0,,,"[43.474274, 44.147959]"
155,Глазов,,473.0,99.0,,"[52.674253, 58.140801]"
156,Горно-Алтайск,140.0,165.0,,,"[85.960634, 51.957804]"
157,Горнозаводск,,45.0,,,"[58.330917, 58.374682]"
158,Горнозаводск,,45.0,,,"[141.846759, 46.560619]"
159,Горный,,78.0,,,"[48.538553, 51.756147]"
160,Городец,,109.0,,,"[43.47236, 56.644822]"
161,Городовиковск,,68.0,,,"[41.936052, 46.083105]"
162,Грозный,4242.0,2766.0,1565.0,997.0,"[45.692421, 43.318366]"
163,Губаха,,161.0,163.0,,"[57.554584, 58.837022]"
164,Губкин,,109.0,,,"[37.534757, 51.283644]"
165,Гуково,,95.0,,,"[39.934929, 48.061025]"
166,Гулькевичи,,146.0,,,"[40.695236, 45.360342]"
167,Гусев,,209.0,,,"[22.201117, 54.591841]"
168,Гусиноозерск,,148.0,,,"[106.529323, 51.285526]"
169,Гусь-Хрустальный,,177.0,165.0,,"[40.671045, 55.614556]"
170,Дагестанские Огни,,79.0,,,"[48.193923, 42.115189]"
171,Дальнегорск,,83.0,,,"[135.576366, 44.558764]"
172,Дальнереченск,,79.0,,,"[133.726941, 45.931182]"
173,Данков,,65.0,,,"[39.134423, 53.246197]"
174,Двинской,,4.0,,,"[45.117804, 62.154774]"
175,Дербент,,236.0,,,"[48.288776, 42.057669]"
176,Десногорск,,104.0,,,"[33.287881, 54.152351]"
177,Дзержинск,,3086.0,1826.0,,"[43.461634, 56.238382]"
178,Дивногорск,,115.0,,,"[92.380148, 55.957726]"
179,Димитровград,,620.0,761.0,,"[49.623924, 54.217515]"
180,Динская,,244.0,,,"[39.223068, 45.218577]"
181,Дмитров,,132.0,,,"[37.517608, 56.342905]"
182,Добрянка,,65.0,,,"[56.403986, 58.468068]"
183,Долгое Ледово,225.0,209.0,275.0,,"[37.975596, 55.854966]"
184,Долгопрудный,,160.0,,2572.0,"[37.51423, 55.933302]"
185,Долинск,,141.0,,,"[142.79821, 47.324133]"
186,Домашка,,35.0,,,"[50.773534, 52.985211]"
187,Домодедово,,283.0,,,"[37.768004, 55.437174]"
188,Донецк,,146.0,,,"[39.944856, 48.337126]"
189,Донской,,141.0,,,"[38.33741, 53.968352]"
190,Дубна,1199.0,648.0,,2102.0,"[37.162189, 56.736345]"
191,Дудинка,,35.0,39.0,,"[86.164992, 69.405769]"
192,Дюртюли,,157.0,,,"[54.873472, 55.48529]"
193,Дятьково,,185.0,,85.0,"[34.339656, 53.597311]"
194,Евпатория,,121.0,,,"[33.367643, 45.190635]"
195,Егорьевск,,2686.0,,,"[39.035842, 55.383055]"
196,Ейск,114.0,107.0,,,"[38.27266, 46.711944]"
197,Екатеринбург,12953.0,7850.0,2916.0,13211.0,"[60.597474, 56.838011]"
198,Елец,738.0,683.0,75.0,,"[38.500446, 52.621938]"
199,Елизово,,126.0,,,"[158.382659, 53.189231]"
200,Ершов,,76.0,,,"[48.266498, 51.349829]"
201,Ессентуки,,25.0,,,"[42.85891, 44.044526]"
202,Ефремов,,102.0,83.0,,"[38.117673, 53.137603]"
203,Жатай,,156.0,,,"[129.841386, 62.163942]"
204,Железногорск,68.0,303.0,,,"[93.532264, 56.252922]"
205,Железногорск,68.0,303.0,,,"[35.350871, 52.339203]"
206,Железногорск-Илимский,,56.0,,,"[104.114292, 56.584848]"
207,Жердевка,,83.0,,,"[41.469638, 51.844163]"
208,Жигулевск,,43.0,54.0,,"[49.494657, 53.40172]"
209,Жирнов,,69.0,,,"[41.124739, 48.17071]"
210,Жирновск,,242.0,,,"[44.778843, 50.978718]"
211,Жуковка,,47.0,,,"[33.732547, 53.533067]"
212,Жуковский,846.0,,,,"[38.119811, 55.59748]"
213,Заволжье,,232.0,,,"[43.387164, 56.640441]"
214,Заинск,,94.0,,,"[52.000427, 55.283928]"
215,Закаменск,,41.0,,,"[103.286764, 50.372602]"
216,Заречный,109.0,193.0,,,"[45.169071, 53.196088]"
217,Заречный,109.0,193.0,,,"[61.320349, 56.814966]"
218,Заринск,,85.0,74.0,,"[84.931488, 53.706337]"
219,Зверево,,73.0,,,"[40.12301, 48.021693]"
220,Зеленогорск,,78.0,,,"[94.588844, 56.113291]"
221,Зеленодольск,,692.0,,,"[48.492802, 55.847048]"
222,Зея,,,42.0,,"[127.265889, 53.734038]"
223,Зима,,129.0,,,"[102.049065, 53.920725]"
224,Зимовники,,60.0,,,"[42.46772, 47.145376]"
225,Златоуст,,873.0,,,"[59.672425, 55.173113]"
226,Зырянское,,50.0,,,"[86.625504, 56.829069]"
227,Иваново,4094.0,3932.0,9542.0,4193.0,"[40.97393, 57.000353]"
228,Ивантеевка,,108.0,,,"[37.907414, 55.976201]"
229,Ивантеевка,,108.0,,,"[49.100323, 52.265172]"
230,Игарка,,22.0,24.0,,"[86.567662, 67.46694]"
231,Иглино,,68.0,,,"[56.416176, 54.834496]"
232,Игрим,,78.0,61.0,,"[64.421944, 63.196228]"
233,Ижевск,4412.0,8189.0,3.0,2088.0,"[53.2069, 56.852676]"
234,Инза,,57.0,,,"[46.351649, 53.85704]"
235,Инсар,,19.0,,,"[44.372248, 53.866513]"
236,Ипатово,,70.0,,,"[42.911156, 45.717425]"
237,Ирбит,,137.0,41.0,,"[63.054079, 57.68507]"
238,Иркутск,2524.0,8636.0,2073.0,2841.0,"[104.280606, 52.289588]"
239,Ирша,,119.0,,,"[94.799841, 55.927644]"
240,Исилькуль,,59.0,,,"[71.262453, 54.913914]"
241,Искитим,,135.0,156.0,,"[83.306391, 54.642587]"
242,Истра,,58.0,,,"[36.859017, 55.91466]"
243,Исянгулово,,27.0,,,"[56.573839, 52.192177]"
244,Ишим,,139.0,,,"[69.457073, 56.109175]"
245,Ишимбай,,1838.0,,,"[56.04395, 53.454626]"
246,Йошкар-Ола,4269.0,4144.0,178.0,2727.0,"[47.886178, 56.6316]"
247,Кадом,,60.0,,,"[42.467244, 54.559078]"
248,Казанская,,41.0,,,"[41.137046, 49.794468]"
249,Казань,5980.0,16362.0,4231.0,16691.0,"[49.106414, 55.796127]"
250,Калачинск,,54.0,,,"[74.581782, 55.052613]"
251,Калининград,1728.0,2940.0,136.0,,"[20.510137, 54.710162]"
252,Калиновка,,138.0,,,"[34.51118, 51.896474]"
253,Калиновка,,138.0,,,"[35.746525, 45.321463]"
254,Калиновская,,68.0,,,"[45.521372, 43.574286]"
255,Калтан,,37.0,,,"[87.27716, 53.521088]"
256,Калуга,2181.0,5828.0,,3663.0,"[36.261224, 54.513845]"
257,Калязин,,95.0,,,"[37.828308, 57.241069]"
258,Камбарка,,75.0,,,"[54.193475, 56.266957]"
259,Каменка,,103.0,,92.0,"[44.046878, 53.185557]"
260,Каменск-Уральский,300.0,788.0,,127.0,"[61.917764, 56.41524]"
261,Каменск-Шахтинский,,937.0,153.0,343.0,"[40.269534, 48.323133]"
262,Камень-на-Оби,,84.0,,,"[81.354558, 53.791492]"
263,Камызяк,,63.0,,,"[48.067548, 46.114432]"
264,Камышин,,857.0,,,"[45.402166, 50.085287]"
265,Камышлов,,94.0,,,"[62.707464, 56.843988]"
266,Канаш,,363.0,218.0,,"[47.491764, 55.506943]"
267,Кандалакша,,83.0,,,"[32.412832, 67.151256]"
268,Канск,139.0,221.0,170.0,,"[95.705064, 56.20505]"
269,Карабаш,,29.0,33.0,,"[60.203087, 55.488371]"
270,Каран,,46.0,,,"[55.917054, 52.926812]"
271,Карасук,,134.0,,,"[78.04936, 53.731934]"
272,Карачев,,310.0,87.0,,"[34.982805, 53.121594]"
273,Каргинская,,67.0,,,"[41.637632, 49.353477]"
274,Карпинск,,89.0,,,"[60.001074, 59.766633]"
275,Карсун,,53.0,,,"[46.980766, 54.200786]"
276,Карталы,,512.0,,,"[60.639462, 53.053308]"
277,Касимов,,166.0,100.0,,"[41.391368, 54.937288]"
278,Касли,,39.0,,,"[60.757411, 55.897337]"
279,Каспийск,,395.0,,,"[47.635665, 42.890853]"
280,Катав-Ивановск,,82.0,,,"[58.205836, 54.753513]"
281,Катайск,,40.0,,,"[62.58365, 56.283235]"
282,Кашира,,,,110.0,"[38.15154, 54.834589]"
283,Кемерово,581.0,6879.0,3232.0,2149.0,"[86.086847, 55.355198]"
284,Кемля,,69.0,,,"[45.244063, 54.695216]"
285,Керчь,,500.0,115.0,,"[36.467378, 45.356219]"
286,Кизел,,39.0,,,"[57.653875, 59.04943]"
287,Кизильское,,64.0,,,"[58.899641, 52.722801]"
288,Кизляр,97.0,276.0,,,"[46.710338, 43.850312]"
289,Ким,,81.0,,,"[54.612188, 53.897122]"
290,Кимры,,143.0,,61.0,"[37.358274, 56.872659]"
291,Кингисепп,,103.0,146.0,,"[28.601209, 59.378053]"
292,Кинешма,,89.0,68.0,,"[42.169525, 57.443126]"
293,Киржач,,82.0,,,"[38.871585, 56.161945]"
294,Кириши,,137.0,128.0,,"[32.008716, 59.449695]"
295,Киров,2303.0,7884.0,5369.0,4079.0,"[34.307999, 54.079614]"
296,Киров,2303.0,7884.0,5369.0,4079.0,"[49.668023, 58.603595]"
297,Кировград,,30.0,26.0,,"[60.062321, 57.431916]"
298,Кирово-Чепецк,,68.0,60.0,,"[50.043941, 58.556581]"
299,Кировск,,242.0,,,"[30.981457, 59.87533]"
300,Кировск,,242.0,,,"[33.668237, 67.61206]"
301,Кирс,,25.0,,,"[52.241516, 59.339991]"
302,Киселевск,,159.0,,,"[86.636688, 54.006025]"
303,Кисловодск,,139.0,,34.0,"[42.715718, 43.905518]"
304,Кичкасс,,65.0,,,"[54.407956, 52.31639]"
305,Клинцы,,121.0,,,"[32.233852, 52.753143]"
306,Княгинино,1037.0,,,,"[45.032249, 55.820566]"
307,Ковров,,3004.0,,848.0,"[41.310933, 56.362506]"
308,Ковылкино,69.0,68.0,,,"[43.91505, 54.0379]"
309,Когалым,,61.0,47.0,,"[74.482761, 62.264069]"
310,Кодинск,,51.0,,,"[99.179712, 58.603412]"
311,Кожевниково,,27.0,,,"[83.968862, 56.259493]"
312,Козулька,,33.0,,,"[91.391983, 56.165469]"
313,Козьмодемьянск,67.0,,,,"[46.547222, 56.332631]"
314,Коломна,,998.0,,498.0,"[38.765556, 55.095956]"
315,Колышлей,,44.0,,,"[44.530944, 52.697617]"
316,Кольчугино,,87.0,,,"[39.376501, 56.293647]"
317,Коммунар,,74.0,,,"[30.393483, 59.621609]"
318,Коммунар,,74.0,,,"[37.738602, 51.850795]"
319,Комсомольск-на-Амуре,1880.0,2495.0,1868.0,1435.0,"[137.008685, 50.550055]"
320,Комсомольский,,56.0,84.0,,"[45.827967, 54.440497]"
321,Конаково,,51.0,,,"[36.779354, 56.713242]"
322,Копейск,,207.0,,,"[61.611574, 55.115697]"
323,Кораблино,,56.0,,,"[40.034463, 53.926817]"
324,Кореновск,,213.0,,,"[39.448033, 45.462742]"
325,Коркино,,214.0,,,"[61.393049, 54.892493]"
326,Королев,581.0,540.0,,,"[37.815211, 55.918953]"
327,Королёв,322.0,1552.0,,3054.0,"[37.815211, 55.918953]"
328,Коряжма,,59.0,,,"[47.159864, 61.315335]"
329,Костомукша,,85.0,,,"[30.596637, 64.587358]"
330,Кострома,408.0,2410.0,110.0,1029.0,"[40.926894, 57.767918]"
331,Котлас,,120.0,,,"[46.633226, 61.252975]"
332,Котовск,,61.0,47.0,,"[41.50575, 52.59292]"
333,Красная Пойма,,92.0,,,"[39.081889, 55.003105]"
334,Красноармейск,,39.0,,,"[38.141578, 56.120342]"
335,Красноармейск,,39.0,,,"[45.695178, 51.023973]"
336,Красноармейское,,37.0,,,"[50.034823, 52.710292]"
337,Красноборск,,49.0,,,"[45.944111, 61.55949]"
338,Красновишерск,,10.0,,,"[57.083301, 60.412825]"
339,Красногорск,,152.0,,,"[37.330399, 55.831003]"
340,Краснодар,4679.0,6248.0,2167.0,5076.0,"[38.975313, 45.03547]"
341,Красное Поле,,78.0,,,"[40.693691, 44.894224]"
342,Краснокаменск,,155.0,77.0,73.0,"[118.034146, 50.098683]"
343,Краснокамск,,108.0,,,"[55.736376, 58.078362]"
344,Красномайский,,98.0,,,"[34.414818, 57.62227]"
345,Краснотурьинск,,64.0,,,"[60.193574, 59.763534]"
346,Красноуральск,,53.0,,,"[60.038749, 58.356726]"
347,Красноуфимск,,147.0,,,"[57.770791, 56.617928]"
348,Красноярск,9898.0,8199.0,6778.0,8148.0,"[92.852572, 56.010569]"
349,Красные Баки,22.0,24.0,,,"[45.166619, 57.127364]"
350,Красный Октябрь,,19.0,,,"[64.811292, 55.652695]"
351,Красный Сулин,,137.0,,,"[40.057495, 47.893519]"
352,Красный Яр,,32.0,,,"[48.021312, 56.033435]"
353,Красный Яр,,32.0,,,"[50.389343, 53.498062]"
354,Красный Яр,,32.0,,,"[48.349233, 46.534259]"
355,Кропоткин,,232.0,,,"[40.576003, 45.434693]"
356,Крымск,,398.0,,,"[37.987894, 44.935414]"
357,Кстово,,217.0,219.0,,"[44.206805, 56.150665]"
358,Кубанский,,72.0,,,"[40.58009, 45.92922]"
359,Кудымкар,,197.0,,,"[54.664183, 59.014548]"
360,Кузнецк,146.0,239.0,,,"[46.601174, 53.119335]"
361,Куйбышев,,116.0,133.0,,"[78.311111, 55.445972]"
362,Кулебаки,,102.0,,,"[42.512492, 55.429716]"
363,Кулун,,42.0,,,"[89.783666, 55.332673]"
364,Кумертау,,1197.0,,,"[55.796698, 52.756185]"
365,Кунгур,,69.0,,,"[56.944215, 57.42881]"
366,Курган,169.0,2498.0,,1345.0,"[65.341118, 55.441004]"
367,Курск,2737.0,4401.0,1222.0,549.0,"[36.193015, 51.730846]"
368,Кущевская,,74.0,,,"[39.628191, 46.565699]"
369,Кызыл,,444.0,,,"[94.43799, 51.71989]"
370,Кыштым,109.0,102.0,,,"[60.538958, 55.707882]"
371,Лабинск,170.0,124.0,,,"[40.723578, 44.635715]"
372,Лабытнанги,,126.0,,,"[66.37993, 66.660883]"
373,Лагань,,77.0,,,"[47.354142, 45.392903]"
374,Лангепас,,90.0,,,"[75.180725, 61.253706]"
375,Ленинградская,,100.0,,,"[39.392886, 46.320553]"
376,Лениногорск,,983.0,,,"[52.442676, 54.599028]"
377,Ленинск,,105.0,,,"[45.199228, 48.693682]"
378,Ленск,,156.0,96.0,,"[114.911853, 60.713735]"
379,Лесной,330.0,837.0,,268.0,"[59.79863, 58.635513]"
380,Лесосибирск,,754.0,,,"[92.503666, 58.221733]"
381,Ливны,,807.0,,,"[37.60805, 52.426549]"
382,Ликино-Дулево,,277.0,,,"[38.958712, 55.707086]"
383,Липецк,690.0,4534.0,1235.0,1856.0,"[39.599229, 52.608826]"
384,Лиски,,215.0,,150.0,"[39.497099, 50.987304]"
385,Луга,,62.0,,,"[29.847945, 58.735207]"
386,Луховицы,,108.0,,,"[39.02605, 54.96515]"
387,Лысково,,67.0,,,"[45.040971, 56.021362]"
388,Лысьва,,790.0,,112.0,"[57.811664, 58.100417]"
389,Лыткарино,,112.0,,,"[37.908986, 55.579302]"
390,Люберцы,,95.0,125.0,,"[37.893328, 55.676748]"
391,Любим,,40.0,,,"[40.686882, 58.362004]"
392,Лянтор,,115.0,,,"[72.155361, 61.620667]"
393,Магадан,,101.0,52.0,,"[150.808586, 59.565155]"
394,Магнитогорск,2296.0,4564.0,1557.0,2407.0,"[58.980291, 53.407163]"
395,Майкоп,,1040.0,193.0,1782.0,"[40.105852, 44.606683]"
396,Майский,,85.0,,,"[44.051756, 43.628254]"
397,Майский,,85.0,,,"[36.455233, 50.523238]"
398,Максатиха,,21.0,,,"[35.869864, 57.795725]"
399,Малояз,,54.0,,,"[58.155889, 55.179724]"
400,Мангут,,24.0,,,"[112.672713, 49.695882]"
401,Массандра,,148.0,,,"[34.186035, 44.514701]"
402,Махачкала,2707.0,651.0,800.0,322.0,"[47.504745, 42.9831]"
403,Мегион,,79.0,62.0,,"[76.102621, 61.03289]"
404,Медвенка,,28.0,,,"[36.109148, 51.419546]"
405,Медногорск,,133.0,,,"[57.582944, 51.403446]"
406,Междуреченск,,156.0,,,"[88.080398, 53.685199]"
407,Междуреченский,,38.0,,,"[65.900364, 59.596753]"
408,Мелеуз,,1410.0,96.0,18.0,"[55.927672, 52.959143]"
409,Миасс,151.0,771.0,,1045.0,"[60.109599, 55.050432]"
410,Микунь,,110.0,,,"[50.082532, 62.356493]"
411,Миллерово,,47.0,,,"[40.394849, 48.92173]"
412,Минеральные Воды,,,,433.0,"[43.13834, 44.208806]"
413,Мирный,,96.0,59.0,55.0,"[113.978701, 62.541028]"
414,Мирный,,96.0,59.0,55.0,"[40.326613, 62.761555]"
415,Мирный,,96.0,59.0,55.0,"[61.733762, 55.251501]"
416,Михайловка,,281.0,158.0,,"[43.23445, 50.07938]"
417,Михайловка,,281.0,158.0,,"[55.889629, 54.807658]"
418,Михайловск,,104.0,,,"[59.125926, 56.444862]"
419,Михайловск,,104.0,,,"[42.028803, 45.129667]"
420,Михайловское,,67.0,,,"[44.62975, 43.099153]"
421,Михайловское,,67.0,,,"[79.721223, 51.820014]"
422,Мичуринск,,451.0,,656.0,"[40.49802, 52.893913]"
423,Мичуринский,,209.0,,,"[34.235424, 53.274777]"
424,Можга,,71.0,,,"[52.213022, 56.440244]"
425,Моздок,,100.0,,105.0,"[44.653887, 43.735433]"
426,Моздок,,100.0,,105.0,"[44.653887, 43.735433]"
427,Мончегорск,,86.0,,111.0,"[32.937071, 67.938921]"
428,Москва,20035.0,57536.0,14212.0,60524.0,"[37.617644, 55.755819]"
429,Московское,,85.0,,,"[41.918652, 45.284999]"
430,Мраково,,27.0,,,"[56.621163, 52.715502]"
431,Муравленко,,86.0,,,"[74.494457, 63.795285]"
432,Мурманск,652.0,1224.0,,442.0,"[33.074918, 68.970663]"
433,Муром,1213.0,1368.0,402.0,,"[42.052411, 55.579174]"
434,Мценск,,313.0,,,"[36.575006, 53.278939]"
435,Мыски,,,,158.0,"[87.805747, 53.712514]"
436,Мытищи,155.0,3871.0,1084.0,1423.0,"[37.736743, 55.909968]"
437,Набережные Челны,,8410.0,,1560.0,"[52.403662, 55.741272]"
438,Надеждино,,24.0,,,"[50.373479, 54.117218]"
439,Надым,,107.0,,,"[72.540055, 65.527025]"
440,Назарово,,164.0,,,"[90.417697, 56.012345]"
441,Называевск,,65.0,,,"[71.349186, 55.564821]"
442,Нальчик,2075.0,1472.0,558.0,1493.0,"[43.607081, 43.485259]"
443,Наро-Фоминск,,99.0,,,"[36.72285, 55.383838]"
444,Нарьян-Мар,,44.0,49.0,39.0,"[53.006926, 67.63805]"
445,Наумовка,,85.0,,,"[55.91709, 53.519964]"
446,Находка,160.0,315.0,194.0,,"[132.89282, 42.824043]"
447,Невель,,36.0,,,"[29.91725, 56.017483]"
448,Невельск,,213.0,,,"[141.856596, 46.671673]"
449,Невинномысск,,1818.0,1079.0,,"[41.936061, 44.638287]"
450,Невьянск,,86.0,,,"[60.218251, 57.491225]"
451,Нелидово,,45.0,,,"[32.772042, 56.225553]"
452,Нерчинск,,150.0,,,"[116.585693, 51.977058]"
453,Нерюнгри,,160.0,98.0,91.0,"[124.712311, 56.657717]"
454,Нефтегорск,,42.0,54.0,,"[51.163808, 52.797221]"
455,Нефтекамск,15.0,706.0,,25.0,"[54.247751, 56.088483]"
456,Нефтеюганск,,369.0,124.0,155.0,"[72.616403, 61.088255]"
457,Нижневартовск,,844.0,265.0,17.0,"[76.558902, 60.938545]"
458,Нижнекамск,102.0,1276.0,3586.0,721.0,"[51.819712, 55.637576]"
459,Нижнеудинск,,125.0,,,"[99.026387, 54.901238]"
460,Нижний Бестях,,136.0,,,"[129.907763, 61.95847]"
461,Нижний Ломов,,125.0,,,"[43.672999, 53.530049]"
462,Нижний Новгород,10249.0,9032.0,1876.0,5184.0,"[44.006516, 56.326797]"
463,Нижний Тагил,,1518.0,94.0,416.0,"[59.971474, 57.907562]"
464,Нижняя Салда,,39.0,,,"[60.716331, 58.07149]"
465,Никель,,40.0,,,"[30.210065, 69.410035]"
466,Николаевка,,36.0,,,"[47.207986, 53.129051]"
467,Николаевск,,72.0,,,"[45.45911, 50.025878]"
468,Николаевск-на-Амуре,,33.0,,,"[140.713795, 53.14025]"
469,Никольск,,,66.0,,"[45.45849, 59.530416]"
470,Никольск,,,66.0,,"[46.084356, 53.71447]"
471,Новая Усмань,,74.0,,,"[39.410268, 51.643447]"
472,Новоалтайск,,164.0,,125.0,"[83.931079, 53.412021]"
473,Новоаннинский,,51.0,,,"[42.667083, 50.529606]"
474,Новобелокатай,,50.0,,,"[58.959199, 55.70771]"
475,Нововоронеж,,112.0,,,"[39.215981, 51.3091]"
476,Новодвинск,,46.0,22.0,,"[40.82083, 64.413687]"
477,Новозыбков,,82.0,,38.0,"[31.933231, 52.536723]"
478,Новоильинск,,95.0,,,"[108.707621, 51.68243]"
479,Новокузнецк,1197.0,3350.0,1058.0,1441.0,"[87.136053, 53.757553]"
480,Новокуйбышевск,,485.0,862.0,,"[49.947776, 53.099469]"
481,Новомосковск,,2040.0,1415.0,241.0,"[38.291057, 54.010914]"
482,Новоомский,,86.0,,,"[73.301, 54.841371]"
483,Новопавловск,,49.0,,,"[43.63191, 43.957369]"
484,Новороссийск,213.0,592.0,401.0,,"[37.768813, 44.723771]"
485,Новосибирск,10271.0,9480.0,2729.0,8821.0,"[82.92043, 55.030204]"
486,Новотроицк,,959.0,572.0,,"[58.299683, 51.196355]"
487,Новоульяновск,,,64.0,,"[48.384824, 54.151718]"
488,Новоуральск,370.0,424.0,,76.0,"[60.095613, 57.247235]"
489,Новохоперск,,55.0,,,"[41.631461, 51.100286]"
490,Новочебоксарск,,297.0,214.0,,"[47.476807, 56.108738]"
491,Новочеркасск,3059.0,8097.0,3188.0,2784.0,"[40.093734, 47.422052]"
492,Новошахтинск,99.0,84.0,,,"[39.934705, 47.754315]"
493,Новый Быт,,137.0,,,"[37.605122, 55.059817]"
494,Новый Уренгой,,303.0,178.0,,"[76.680956, 66.084539]"
495,Ногинск,,182.0,,171.0,"[38.441866, 55.854476]"
496,Норильск,76.0,868.0,93.0,,"[88.210393, 69.343985]"
497,Ноябрьск,71.0,240.0,,,"[75.450938, 63.201805]"
498,Нытва,,30.0,,,"[55.328631, 57.939127]"
499,Нягань,,106.0,,,"[65.433393, 62.14681]"
500,Нязепетровск,,33.0,,,"[59.595449, 56.053924]"
501,Обнинск,,125.0,,,"[36.586459, 55.11202]"
502,Обоянь,,60.0,,,"[36.267638, 51.209893]"
503,Одинцово,,104.0,,,"[37.263663, 55.679138]"
504,Озерск,71.0,144.0,166.0,63.0,"[60.707608, 55.763189]"
505,Озеры,,78.0,,,"[38.559833, 54.854092]"
506,Октябрьский,,1420.0,,,"[53.46557, 54.481454]"
507,Октябрьский,,1420.0,,,"[43.171829, 61.089321]"
508,Октябрьское,,54.0,,,"[62.728988, 54.412296]"
509,Олекминск,,,86.0,,"[120.403084, 60.372981]"
510,Оленегорск,,49.0,,,"[33.270104, 68.14046]"
511,Омск,6573.0,4697.0,6528.0,9398.0,"[73.368221, 54.989347]"
512,Омутнинск,,48.0,,,"[52.177161, 58.66406]"
513,Онега,,73.0,,,"[38.086655, 63.914485]"
514,Опочка,,62.0,,,"[28.658926, 56.713993]"
515,Орел,156.0,539.0,,311.0,"[36.064358, 52.970756]"
516,Оренбург,2440.0,5129.0,1751.0,2540.0,"[55.096964, 51.768205]"
517,Орехово-Зуево,,191.0,,,"[38.981601, 55.805842]"
518,Орлов,,8.0,,,"[48.89284, 58.539037]"
519,Орск,124.0,1280.0,195.0,174.0,"[58.474675, 51.2293]"
520,Осинники,,32.0,,,"[87.337078, 53.598754]"
521,Осташков,,50.0,,,"[33.102873, 57.15605]"
522,Острогожск,,92.0,,,"[39.082365, 50.860145]"
523,Отрадный,,142.0,,,"[51.348789, 53.376549]"
524,Оха,,224.0,,,"[142.949163, 53.588974]"
525,Очер,,47.0,,,"[54.716096, 57.885268]"
526,Павлово,,173.0,,,"[43.064848, 55.965103]"
527,Павловский Посад,,120.0,,,"[38.650976, 55.78034]"
528,Палана,,20.0,,,"[159.951307, 59.082834]"
529,Парабель,,37.0,,,"[81.489871, 58.703203]"
530,Парковый,,116.0,,,"[40.146869, 45.838031]"
531,Партизанск,,56.0,,,"[133.123255, 43.11982]"
532,Пенза,7326.0,4699.0,699.0,4726.0,"[45.018316, 53.195042]"
533,Первомайск,,155.0,,,"[43.801386, 54.867632]"
534,Первомайский,,178.0,55.0,,"[37.503837, 54.036483]"
535,Первомайский,,178.0,55.0,,"[51.641055, 51.903798]"
536,Первомайский,,178.0,55.0,,"[61.174696, 54.865622]"
537,Первомайский,,178.0,55.0,,"[115.63833, 51.669294]"
538,Первомайское,,54.0,,,"[42.481536, 43.938113]"
539,Первомайское,,54.0,,,"[84.020812, 53.723059]"
540,Первомайское,,54.0,,,"[86.234952, 57.073198]"
541,Первоуральск,,249.0,,,"[59.943267, 56.905819]"
542,Перевоз,,134.0,,,"[44.54494, 55.596854]"
543,Переславль-Залесский,,88.0,,,"[38.854382, 56.739194]"
544,Пермь,1994.0,3691.0,5575.0,2961.0,"[56.229443, 58.010455]"
545,Пестравка,,24.0,,,"[49.962167, 52.40377]"
546,Петровск,,223.0,,,"[45.38994, 52.314028]"
547,Петрозаводск,853.0,1361.0,,134.0,"[34.346878, 61.785021]"
548,Петропавловка,,35.0,,,"[105.317631, 50.610055]"
549,Петропавловск-Камчатский,91.0,843.0,,449.0,"[158.643503, 53.024265]"
550,Петушки,,48.0,,,"[39.459352, 55.931104]"
551,Печора,,83.0,,,"[57.223977, 65.148606]"
552,Пласт,,91.0,,,"[60.808408, 54.363281]"
553,Плесецк,,36.0,,,"[40.281194, 62.710039]"
554,Побединское,,112.0,,,"[45.438386, 43.401471]"
555,Подольск,,161.0,,152.0,"[37.544997, 55.431136]"
556,Подпорожье,,52.0,,,"[34.167952, 60.912097]"
557,Покачи,,31.0,,,"[75.599753, 61.741652]"
558,Покровка,,48.0,,,"[53.874707, 51.98986]"
559,Покровка,,48.0,,,"[131.635555, 43.950906]"
560,Полевской,,157.0,,,"[60.236307, 56.495802]"
561,Полесск,,100.0,,,"[21.109888, 54.862782]"
562,Полысаево,,134.0,,,"[86.280901, 54.605443]"
563,Полярные Зори,,56.0,,72.0,"[32.500975, 67.365788]"
564,Похвистнево,,32.0,,,"[52.123038, 53.653394]"
565,Почеп,,,61.0,,"[33.454267, 52.929135]"
566,Пошехонье,,44.0,,,"[39.120481, 58.503857]"
567,Преображенский,34.0,,,,"[43.825632, 54.381753]"
568,Приморский,,89.0,,,"[35.488098, 45.115886]"
569,Приозерск,,67.0,,,"[30.115589, 61.035979]"
570,Прогресс,,20.0,,,"[54.721783, 56.24402]"
571,Прокопьевск,,410.0,,,"[86.750055, 53.884493]"
572,Пролетарск,,67.0,,,"[41.727544, 46.703855]"
573,Протвино,,765.0,,,"[37.2151, 54.864969]"
574,Пруды,,110.0,,,"[165.889368, 67.396381]"
575,Псков,150.0,1071.0,,278.0,"[28.33246, 57.819274]"
576,Пугачев,,60.0,,,"[48.812036, 52.0119]"
577,Пущино,7.0,,,,"[37.620986, 54.832484]"
578,Пятигорск,,,,348.0,"[43.070643, 44.039802]"
579,Радужный,,72.0,,,"[40.332605, 55.995659]"
580,Радужный,,72.0,,,"[77.458448, 62.134265]"
581,Райчихинск,,125.0,,,"[129.411255, 49.794114]"
582,Ракитное,,53.0,,,"[35.831389, 50.834383]"
583,Раменское,298.0,180.0,,,"[38.225004, 55.567586]"
584,Ревда,,92.0,,,"[59.908718, 56.800084]"
585,Реж,,83.0,,,"[61.391648, 57.373777]"
586,Реутов,233.0,217.0,285.0,,"[37.85515, 55.760515]"
587,Ржев,,163.0,76.0,,"[34.334419, 56.263017]"
588,Ровеньки,,,,41.0,"[38.891985, 49.914716]"
589,Рославль,,92.0,,,"[32.857498, 53.947229]"
590,Россошь,,363.0,98.0,,"[39.562632, 50.198256]"
591,Ростов,,79.0,,,"[39.414526, 57.18587]"
592,Ростов-на-Дону,16138.0,7068.0,1561.0,10971.0,"[39.720358, 47.222078]"
593,Рошаль,,46.0,60.0,,"[39.862768, 55.663283]"
594,Ртищево,73.0,78.0,,,"[43.785657, 52.257455]"
595,Рубцовск,,735.0,,,"[81.217673, 51.527623]"
596,Рудня,,66.0,,,"[31.081763, 54.948013]"
597,Рудня,,66.0,,,"[44.556384, 50.801559]"
598,Рузаевка,,2452.0,,99.0,"[44.94911, 54.058274]"
599,Рыбинск,1625.0,3035.0,,963.0,"[38.855711, 58.04864]"
600,Рыбное,,75.0,,,"[39.505463, 54.730812]"
601,Рыбное,,75.0,,,"[37.619782, 56.41525]"
602,Рыльск,193.0,,,,"[34.681052, 51.571263]"
603,Рязань,1952.0,4359.0,2242.0,2070.0,"[39.741917, 54.629565]"
604,Салават,,1480.0,3193.0,,"[55.924681, 53.361651]"
605,Салехард,84.0,,,,"[66.614507, 66.529866]"
606,Сальск,,133.0,,,"[41.541503, 46.474898]"
607,Самара,16639.0,14092.0,6360.0,8120.0,"[50.100202, 53.195878]"
608,Санкт-Петербург,22474.0,46722.0,24029.0,30460.0,"[30.315877, 59.939099]"
609,Саранск,5230.0,720.0,688.0,1394.0,"[45.183938, 54.187433]"
610,Сарапул,411.0,985.0,,,"[53.803687, 56.461218]"
611,Саратов,5775.0,7598.0,2907.0,5835.0,"[46.034266, 51.533562]"
612,Саров,821.0,2676.0,,,"[43.344853, 54.922793]"
613,Сатка,,110.0,127.0,,"[58.974578, 55.047456]"
614,Сафоново,,190.0,107.0,,"[33.23798, 55.106057]"
615,Саяногорск,,204.0,,,"[91.412204, 53.100762]"
616,Светлый,,137.0,22.0,,"[20.131093, 54.673268]"
617,Светлый,,137.0,22.0,,"[113.426974, 63.049927]"
618,Светлый Яр,,,145.0,,"[44.78002, 48.475809]"
619,Светогорск,,32.0,,,"[28.865879, 61.113731]"
620,Свирск,,56.0,53.0,,"[103.342253, 53.066572]"
621,Свобода,,49.0,,,"[36.304738, 51.973774]"
622,Свободный,,128.0,122.0,,"[128.134156, 51.375889]"
623,Севастополь,,197.0,,,"[33.525135, 44.616495]"
624,Северобайкальск,,67.0,,,"[109.335597, 55.636001]"
625,Северодвинск,,2015.0,,604.0,"[39.823781, 64.563386]"
626,Североуральск,,73.0,,,"[59.952161, 60.152394]"
627,Северск,,591.0,1457.0,,"[84.880913, 56.60319]"
628,Селенгинск,,78.0,,,"[106.862616, 52.005386]"
629,Семенов,,68.0,,,"[44.49034, 56.789017]"
630,Семилуки,,110.0,102.0,,"[39.020211, 51.69463]"
631,Сергач,38.0,,,,"[45.465228, 55.531035]"
632,Сергиев Посад,,206.0,271.0,,"[38.135972, 56.315311]"
633,Сердобск,,79.0,,,"[44.202735, 52.455683]"
634,Серноводск,,111.0,,,"[51.255759, 53.921982]"
635,Серов,,264.0,,,"[60.573588, 59.605395]"
636,Серп и Молот,,73.0,,,"[42.492235, 50.851121]"
637,Серпухов,145.0,302.0,,,"[37.416601, 54.913681]"
638,Сибай,,259.0,,,"[58.665665, 52.72039]"
639,Сим,,192.0,,,"[57.687184, 54.988469]"
640,Симферополь,280.0,925.0,225.0,,"[34.100327, 44.948237]"
641,Славянка,,88.0,,,"[131.385581, 42.865001]"
642,Сланцы,,84.0,,,"[28.088145, 59.11779]"
643,Слобода,,168.0,,,"[40.29351, 51.13569]"
644,Смоленск,2938.0,1873.0,,,"[32.045287, 54.782635]"
645,Снежинск,102.0,861.0,,,"[60.732707, 56.087303]"
646,Советск,29.0,179.0,,,"[21.888656, 55.081034]"
647,Советск,29.0,179.0,,,"[48.959521, 57.587599]"
648,Советск,29.0,179.0,,,"[37.626636, 53.932946]"
649,Советская Гавань,,42.0,56.0,,"[140.285128, 48.966446]"
650,Советский,,110.0,,,"[63.566802, 61.370766]"
651,Советский,,110.0,,,"[34.929005, 45.340396]"
652,Советский,,110.0,,,"[63.566802, 61.370766]"
653,Совхоз Мамадышский,,84.0,,,"[51.385494, 55.707699]"
654,Сокол,,92.0,,,"[40.099986, 59.460972]"
655,Соликамск,,328.0,208.0,118.0,"[56.770391, 59.649193]"
656,Солнечногорск,,284.0,,268.0,"[36.977631, 56.185107]"
657,Соль-Илецк,,59.0,,,"[54.980031, 51.161986]"
658,Сорочинск,,69.0,,,"[53.161149, 52.431316]"
659,Сосенский,,78.0,,,"[35.966038, 54.059489]"
660,Сосково,,14.0,,,"[35.386445, 52.748434]"
661,Сосновоборск,,267.0,,,"[93.335434, 56.120211]"
662,Сосновоборск,,267.0,,,"[46.247184, 53.299168]"
663,Сосновское,,75.0,,,"[43.168307, 55.804369]"
664,Сосновское,,75.0,,,"[73.161366, 54.598439]"
665,Сосновый Бор,,123.0,,,"[29.09221, 59.904225]"
666,Сосногорск,,146.0,,,"[53.873117, 63.600002]"
667,Спас-Клепики,,41.0,,,"[40.17628, 55.131167]"
668,Спасск-Дальний,63.0,148.0,,,"[132.817568, 44.597647]"
669,Ставрополь,4374.0,1825.0,1016.0,425.0,"[41.96911, 45.043317]"
670,Старая Русса,,126.0,,,"[31.355461, 57.99072]"
671,Староминская,,70.0,,,"[39.062629, 46.538766]"
672,Старосубхангулово,,22.0,,,"[57.441612, 53.102183]"
673,Старый Оскол,,2957.0,135.0,521.0,"[37.833231, 51.297974]"
674,Степное,,76.0,,,"[46.844169, 51.377801]"
675,Стерлитамак,242.0,2041.0,2854.0,1105.0,"[55.930825, 53.630403]"
676,Стрежевой,,66.0,,,"[77.604011, 60.732867]"
677,Стрелецкий,,196.0,,,"[35.973655, 53.011729]"
678,Строитель,,66.0,,,"[36.486998, 50.785172]"
679,Строитель,,66.0,,,"[36.058771, 55.498296]"
680,Строитель,,66.0,,,"[41.450028, 52.649155]"
681,Ступино,,608.0,,97.0,"[38.078237, 54.88628]"
682,Субханкулово,,74.0,,,"[53.808277, 54.556175]"
683,Сунтар,,30.0,,,"[117.647601, 62.160619]"
684,Сургут,743.0,549.0,197.0,856.0,"[73.393032, 61.241778]"
685,Суровикино,,68.0,,,"[42.844249, 48.60538]"
686,Сухиничи,,40.0,,,"[35.337981, 54.101551]"
687,Сухой Лог,,89.0,76.0,,"[62.035542, 56.905431]"
688,Сызрань,,2623.0,532.0,244.0,"[48.474611, 53.155669]"
689,Сыктывкар,301.0,1017.0,656.0,354.0,"[50.836497, 61.668797]"
690,Тавда,,52.0,,,"[65.272604, 58.041876]"
691,Таганрог,307.0,1820.0,,159.0,"[38.936694, 47.208735]"
692,Тайшет,,71.0,,,"[98.002982, 55.940502]"
693,Тамбов,4896.0,4682.0,1454.0,2148.0,"[41.45275, 52.721295]"
694,Тара,,75.0,,,"[74.371981, 56.901838]"
695,Тарасовский,,71.0,,,"[40.356095, 48.727189]"
696,Тверь,218.0,2399.0,2247.0,1781.0,"[35.91186, 56.859625]"
697,Тевриз,,58.0,,,"[72.404652, 57.516669]"
698,Тейково,112.0,,,,"[40.535471, 56.85436]"
699,Темрюк,,254.0,,215.0,"[37.365388, 45.282044]"
700,Тербуны,,148.0,,,"[38.279963, 52.147475]"
701,Терек,,79.0,,,"[44.140267, 43.483865]"
702,Техникумовский,,19.0,,,"[36.355844, 52.470514]"
703,Тикси,,24.0,,,"[128.870855, 71.639263]"
704,Тимашевск,,,67.0,,"[38.933973, 45.6142]"
705,Тихвин,,116.0,,,"[33.542105, 59.644213]"
706,Тихорецк,263.0,,181.0,352.0,"[40.123171, 45.852784]"
707,Тобольск,,1085.0,662.0,,"[68.253995, 58.200891]"
708,Тогучин,,32.0,,,"[84.402874, 55.238018]"
709,Тольятти,2434.0,4596.0,2025.0,1453.0,"[49.420411, 53.507852]"
710,Томск,7017.0,13007.0,9499.0,9385.0,"[84.947649, 56.484645]"
711,Торбеево,,96.0,,,"[43.245958, 54.074511]"
712,Торжок,,63.0,,,"[34.960149, 57.041338]"
713,Трехгорный,88.0,82.0,,,"[58.44662, 54.814652]"
714,Троицк,,62.0,,,"[61.559004, 54.082757]"
715,Трубчевск,,106.0,,,"[33.766082, 52.579083]"
716,Туймазы,,115.0,110.0,,"[53.694955, 54.600708]"
717,Тула,2184.0,1729.0,,1480.0,"[37.617348, 54.193122]"
718,Тулун,,72.0,,,"[100.578047, 54.55712]"
719,Тура,,61.0,,,"[100.20778, 64.270386]"
720,Туринск,,56.0,,,"[63.690814, 58.052474]"
721,Туринская Слобода,,55.0,,,"[64.387467, 57.618062]"
722,Тучково,,44.0,,,"[36.47187, 55.600857]"
723,Тында,,,,156.0,"[124.73644, 55.149666]"
724,Тюмень,809.0,6706.0,3357.0,4701.0,"[65.541227, 57.152985]"
725,Тяжинский,,64.0,,,"[88.517194, 56.110731]"
726,Уварово,,58.0,,,"[42.261009, 51.983105]"
727,Углич,,113.0,,,"[38.319372, 57.526597]"
728,Удомля,,76.0,,,"[35.005739, 57.871648]"
729,Узловая,,122.0,,361.0,"[38.160308, 53.97844]"
730,Улан-Удэ,4016.0,2784.0,722.0,1137.0,"[107.584547, 51.834809]"
731,Улькан,,26.0,,,"[107.793846, 55.908555]"
732,Ульяновск,4675.0,3240.0,,2326.0,"[48.403132, 54.314192]"
733,Урай,,100.0,,,"[64.803225, 60.128955]"
734,Урень,,,63.0,,"[45.799536, 57.463042]"
735,Урюпинск,,90.0,,,"[41.995593, 50.79451]"
736,Усинск,,99.0,,,"[57.55701, 65.994148]"
737,Усолье-Сибирское,,154.0,70.0,,"[103.637332, 52.757095]"
738,Уссурийск,,297.0,,309.0,"[131.952122, 43.797247]"
739,Усть-Илимск,,60.0,,,"[102.733519, 57.942686]"
740,Усть-Камчатск,,10.0,,,"[162.536137, 56.239683]"
741,Усть-Катав,,83.0,,,"[58.174709, 54.930289]"
742,Уфа,8113.0,13559.0,2786.0,7141.0,"[55.958736, 54.735152]"
743,Ухта,100.0,1283.0,160.0,1014.0,"[53.663999, 63.566006]"
744,Феодосия,,138.0,,,"[35.383911, 45.026654]"
745,Фокино,,140.0,,,"[34.415923, 53.455436]"
746,Фокино,,140.0,,,"[132.410936, 42.97407]"
747,Фрязино,1670.0,,,,"[38.042808, 55.961339]"
748,Хабаровск,3225.0,2582.0,1233.0,2595.0,"[135.071917, 48.480229]"
749,Хандыга,,164.0,,,"[135.563053, 62.653533]"
750,Ханты-Мансийск,,122.0,,,"[69.046866, 61.035726]"
751,Ханты-Мансийск,,122.0,,,"[69.018911, 61.003184]"
752,Хасавюрт,,388.0,,,"[46.585526, 43.248524]"
753,Хвойная,,46.0,,,"[34.530781, 58.896724]"
754,Хворостянка,,79.0,,,"[48.964929, 52.615344]"
755,Химки,,169.0,,160.0,"[37.444853, 55.889361]"
756,Хлопуново,,71.0,,,"[82.019545, 52.072413]"
757,Холмск,,83.0,,,"[142.042017, 47.040819]"
758,Хоногор,,45.0,,,"[130.120367, 62.4684]"
759,Хор,,54.0,,,"[134.963041, 47.885839]"
760,Хоронхой,,47.0,,,"[106.148195, 50.474158]"
761,Цивильск,,157.0,,,"[47.465309, 55.864899]"
762,Чадан,,106.0,,,"[91.567406, 51.28294]"
763,Чайковский,,896.0,142.0,,"[54.14881, 56.778081]"
764,Чапаевск,,131.0,83.0,,"[49.710217, 52.981709]"
765,Чебаркуль,,52.0,,,"[60.37012, 54.97779]"
766,Чебоксары,2590.0,3665.0,1608.0,3862.0,"[47.247728, 56.139918]"
767,Чегдомын,,37.0,50.0,,"[133.035948, 51.133904]"
768,Челябинск,6386.0,3465.0,1933.0,2338.0,"[61.402554, 55.159902]"
769,Черемхово,,70.0,,,"[103.090096, 53.136917]"
770,Черемшан,,29.0,,,"[51.505616, 54.654704]"
771,Череповец,195.0,1919.0,1456.0,916.0,"[37.90347, 59.122612]"
772,Черкесск,,1072.0,,,"[42.048279, 44.228374]"
773,Черкизово,201.0,,,,"[38.740413, 55.202234]"
774,Черногорск,,266.0,159.0,,"[91.306005, 53.827013]"
775,Черноярская,,60.0,,,"[44.34687, 43.692884]"
776,Чернушка,,159.0,,,"[56.07637, 56.516015]"
777,Чернянка,,44.0,,53.0,"[37.804134, 50.940917]"
778,Черский,,30.0,,,"[161.323816, 68.755809]"
779,Чистополь,,74.0,,104.0,"[50.643575, 55.372339]"
780,Чита,1108.0,678.0,8.0,416.0,"[113.501049, 52.033635]"
781,Чкаловск,,82.0,,,"[43.251105, 56.766257]"
782,Чунский,,42.0,,,"[99.6619, 56.088298]"
783,Чусовой,,75.0,,,"[57.808053, 58.305058]"
784,Шадринск,,117.0,,,"[63.629747, 56.087042]"
785,Шарыпово,,99.0,,,"[89.18016, 55.53909]"
786,Шатура,,122.0,,,"[39.544575, 55.577577]"
787,Шахты,1519.0,2691.0,780.0,844.0,"[40.215401, 47.709237]"
788,Шебекино,,231.0,145.0,,"[36.879319, 50.404344]"
789,Шелехов,,82.0,,,"[104.097395, 52.210209]"
790,Шемышейка,,43.0,,,"[45.397881, 52.889919]"
791,Шлиссельбург,,120.0,,,"[31.034754, 59.944959]"
792,Шолоховский,,59.0,,,"[41.046505, 48.282732]"
793,Шумерля,,81.0,,,"[46.417846, 55.497934]"
794,Шушенское,,94.0,,,"[91.935643, 53.333763]"
795,Шуя,,141.0,,,"[41.384622, 56.854404]"
796,Щекино,,152.0,124.0,119.0,"[37.518165, 54.001574]"
797,Щигры,,66.0,,,"[36.912341, 51.873243]"
798,Эгвекинот,,21.0,,,"[177.339555, 68.08756]"
799,Электроизолятор,,,207.0,,"[38.501137, 55.586237]"
800,Электросталь,,503.0,116.0,476.0,"[38.444858, 55.78445]"
801,Элиста,,84.0,,,"[44.269759, 46.307743]"
802,Энгельс,188.0,2168.0,507.0,135.0,"[46.124052, 51.50105]"
803,Югорск,,101.0,,,"[63.331964, 61.314917]"
804,Южно-Сахалинск,,535.0,,,"[142.729587, 46.957771]"
805,Южноуральск,,86.0,,,"[61.268237, 54.442455]"
806,Юрга,,897.0,,,"[84.933878, 55.713557]"
807,Юрюзань,,71.0,,,"[58.425276, 54.853677]"
808,Ютановка,,,,46.0,"[37.796768, 50.4909]"
809,Якутск,1609.0,1474.0,786.0,259.0,"[129.732178, 62.027221]"
810,Ялуторовск,,204.0,,,"[66.312215, 56.654694]"
811,Яровое,,51.0,,,"[78.580049, 52.919743]"
812,Ярославль,3731.0,2846.0,5947.0,2636.0,"[39.893813, 57.626559]"
813,Ярцево,,50.0,,,"[32.688292, 55.066123]"
814,Ясногорск,,119.0,,,"[37.693354, 54.479293]"
815,Ясногорск,,119.0,,,"[115.692013, 50.87397]"
816,имени Карла Либкнехта,,65.0,,,"[35.479339, 51.623467]"
