city,coordinates
Абаза,"[90.088581, 52.651662]"
Абакан,"[91.442396, 53.721152]"
Абдулино,"[53.654989, 53.683962]"
Абинск,"[38.151288, 44.866237]"
Агидель,"[53.933439, 55.899043]"
Агрыз,"[52.995266, 56.526323]"
Адыгейск,"[39.190567, 44.884856]"
Азнакаево,"[53.079923, 54.858233]"
Азов,"[39.423581, 47.112448]"
Ак-Довурак,"[90.601061, 51.19084]"
Аксай,"[39.862283, 47.269914]"
Алагир,"[44.219884, 43.041711]"
Алапаевск,"[61.694524, 57.852511]"
Алатырь,"[46.591949, 54.840526]"
Алдан,"[125.388878, 58.608597]"
Алейск,"[82.779457, 52.492167]"
Александров,"[38.727621, 56.397774]"
Александровск,"[57.584669, 59.16293]"
Александровск-Сахалинский,"[142.158915, 50.895768]"
Алексеевка,"[38.686568, 50.630035]"
Алексин,"[37.066034, 54.502429]"
Алзамай,"[98.664357, 55.555072]"
Алупкане призн.,"[34.053462, 44.421239]"
Алуштане призн.,"[34.410129, 44.676411]"
Альметьевск,"[52.29723, 54.901171]"
Амурск,"[136.910607, 50.226797]"
Анадырь,"[177.518913, 64.735814]"
Анапа,"[37.316367, 44.894818]"
Ангарск,"[103.888249, 52.544358]"
Андреаполь,"[32.2647, 56.646257]"
Анжеро-Судженск,"[86.018216, 56.08318]"
Анива,"[142.521879, 46.720816]"
Апатиты,"[33.407187, 67.568023]"
Апрелевка,"[37.073382, 55.544998]"
Апшеронск,"[39.727095, 44.465535]"
Арамиль,"[60.828647, 56.700276]"
Аргун,"[45.867439, 43.292662]"
Ардатов,"[46.241192, 54.84656]"
Ардон,"[44.30535, 43.179601]"
Арзамас,"[43.814133, 55.386799]"
Аркадак,"[43.499858, 51.938814]"
Армавир,"[41.129644, 44.997655]"
Армянскне призн.,"[33.993751, 45.3892]"
Арсеньев,"[133.268729, 44.163345]"
Арск,"[49.876998, 56.091316]"
Артём,"[132.180339, 43.353047]"
Артёмовск,"[93.435758, 54.347336]"
Артёмовский,"[61.895513, 57.337669]"
Архангельск,"[40.515762, 64.539911]"
Асбест,"[61.461474, 57.014317]"
Асино,"[86.153906, 56.997519]"
Астрахань,"[48.030178, 46.347614]"
Аткарск,"[45.003655, 51.877724]"
Ахтубинск,"[46.164422, 48.284884]"
Ачинск,"[90.49524, 56.269501]"
Ачхой-Мартан,"[45.285672, 43.190914]"
Аша,"[57.278469, 54.990628]"
Бабаево,"[35.937768, 59.389227]"
Бабушкин,"[105.864363, 51.715839]"
Бавлы,"[53.235781, 54.40332]"
Багратионовск,"[20.639647, 54.386514]"
Байкальск,"[104.149928, 51.522826]"
Баймак,"[58.308136, 52.597811]"
Бакал,"[58.80918, 54.938064]"
Баксан,"[43.534622, 43.681946]"
Балабаново,"[36.659834, 55.178737]"
Балаково,"[47.819676, 52.01843]"
Балахна,"[43.601331, 56.504919]"
Балашиха,"[37.938118, 55.797007]"
Балашов,"[43.146478, 51.554601]"
Балей,"[116.637948, 51.582284]"
Балтийск,"[19.894477, 54.643775]"
Барабинск,"[78.341923, 55.350412]"
Барнаул,"[83.776856, 53.346785]"
Барыш,"[47.118038, 53.653474]"
Батайск,"[39.744469, 47.138333]"
Бахчисарайне призн.,"[33.848035, 44.744997]"
Бежецк,"[36.693188, 57.781318]"
Белая Калитва,"[40.802388, 48.177644]"
Белая Холуница,"[50.85273, 58.84356]"
Белгород,"[36.587277, 50.595414]"
Белебей,"[54.110111, 54.103214]"
Белёв,"[36.130097, 53.810152]"
Белинский,"[43.417033, 52.9653]"
Белово,"[86.303701, 54.42212]"
Белогорск,"[128.473926, 50.921292]"
Белогорскне призн.,"[34.599916, 45.058059]"
Белозерск,"[37.792456, 60.032074]"
Белокуриха,"[84.983968, 51.996077]"
Беломорск,"[34.763328, 64.53032]"
Белоозёрский,"[38.43892, 55.459619]"
Белорецк,"[58.410023, 53.967621]"
Белореченск,"[39.86849, 44.766017]"
Белоусово,"[36.662654, 55.089532]"
Белоярский,"[66.667597, 63.716043]"
Белый,"[32.938814, 55.833855]"
Бердск,"[83.107135, 54.758288]"
Березники,"[56.806719, 59.407024]"
Берёзовский,"[86.274523, 55.669361]"
Берёзовский,"[60.816457, 56.909583]"
Беслан,"[44.541607, 43.190783]"
Бийск,"[85.220656, 52.541811]"
Бикин,"[134.255043, 46.818592]"
Билибино,"[166.451139, 68.057129]"
Биробиджан,"[132.924746, 48.78992]"
Бирск,"[55.530716, 55.417531]"
Бирюсинск,"[97.813302, 55.962438]"
Бирюч,"[38.40023, 50.649337]"
Благовещенск,"[55.955224, 55.049854]"
Благовещенск,"[127.534611, 50.257456]"
Благодарный,"[43.44003, 45.095656]"
Бобров,"[40.035604, 51.097724]"
Богданович,"[62.057129, 56.773977]"
Богородицк,"[38.131696, 53.770699]"
Богородск,"[43.516764, 56.103362]"
Боготол,"[89.531222, 56.211523]"
Богучар,"[40.559088, 49.935512]"
Бодайбо,"[114.199867, 57.847975]"
Бокситогорск,"[33.847675, 59.473576]"
Болгар,"[49.022628, 54.982239]"
Бологое,"[34.04959, 57.885636]"
Болотное,"[84.385447, 55.672006]"
Болохово,"[37.826799, 54.082113]"
Болхов,"[36.005087, 53.443097]"
Большой Камень,"[132.350345, 43.111725]"
Бор,"[44.064575, 56.356522]"
Борзя,"[116.527042, 50.391551]"
Борисоглебск,"[42.075183, 51.366308]"
Боровичи,"[33.910459, 58.390115]"
Боровск,"[36.48353, 55.207428]"
Бородино,"[94.902177, 55.905442]"
Братск,"[101.633505, 56.151682]"
Бронницы,"[38.264243, 55.42565]"
Брянск,"[34.363991, 53.2434]"
Бугульма,"[52.798634, 54.541877]"
Бугуруслан,"[52.432606, 53.6523]"
Будённовск,"[44.165024, 44.781528]"
Бузулук,"[52.263292, 52.787097]"
Буинск,"[48.290151, 54.964158]"
Буй,"[41.533113, 58.481724]"
Буйнакск,"[47.115927, 42.821755]"
Бутурлиновка,"[40.584825, 50.835367]"
Валдай,"[33.246406, 57.98069]"
Валуйки,"[38.100111, 50.211332]"
Велиж,"[31.195364, 55.605485]"
Великие Луки,"[30.515671, 56.343703]"
Великий Новгород,"[31.269816, 58.522857]"
Великий Устюг,"[46.297849, 60.761156]"
Вельск,"[42.10331, 61.065915]"
Венёв,"[38.265536, 54.350369]"
Верещагино,"[54.658092, 58.079766]"
Верея,"[36.185694, 55.343369]"
Верхнеуральск,"[59.206613, 53.872842]"
Верхний Тагил,"[59.934132, 57.371773]"
Верхний Уфалей,"[60.221107, 56.054673]"
Верхняя Пышма,"[60.573462, 56.970236]"
Верхняя Салда,"[60.546253, 58.050898]"
Верхняя Тура,"[59.820153, 58.359818]"
Верхотурье,"[60.810222, 58.862216]"
Верхоянск,"[133.388088, 67.54843]"
Весьегонск,"[37.259288, 58.658093]"
Ветлуга,"[45.776099, 57.852889]"
Видное,"[37.70876, 55.557037]"
Вилюйск,"[121.623607, 63.7549]"
Вилючинск,"[158.405063, 52.93179]"
Вихоревка,"[101.170396, 56.120723]"
Вичуга,"[41.918158, 57.217138]"
Владивосток,"[131.885494, 43.115542]"
Владикавказ,"[44.681771, 43.024616]"
Владимир,"[40.406635, 56.129057]"
Волгоград,"[44.516975, 48.707067]"
Волгодонск,"[42.206329, 47.519624]"
Волгореченск,"[41.157438, 57.439522]"
Волжск,"[48.378168, 55.860428]"
Волжский,"[44.751229, 48.786127]"
Вологда,"[39.891523, 59.220501]"
Володарск,"[43.179977, 56.223621]"
Волоколамск,"[35.955222, 56.035869]"
Волосово,"[29.484819, 59.447275]"
Волхов,"[32.352681, 59.900543]"
Волчанск,"[60.077871, 59.934749]"
Вольск,"[47.387299, 52.045978]"
Воркута,"[64.050113, 67.493504]"
Воронеж,"[39.200296, 51.660781]"
Ворсма,"[43.274821, 55.988067]"
Воскресенск,"[38.673362, 55.322978]"
Воткинск,"[53.985236, 57.05232]"
Всеволожск,"[30.645873, 60.024626]"
Вуктыл,"[57.29984, 63.844407]"
Выборг,"[28.749781, 60.710496]"
Выкса,"[42.16797, 55.320688]"
Высоковск,"[36.551236, 56.320248]"
Высоцк,"[28.568277, 60.625604]"
Вытегра,"[36.449511, 61.006359]"
Вышний Волочёк,"[34.558836, 57.584174]"
Вяземский,"[134.753635, 47.535066]"
Вязники,"[42.158862, 56.247026]"
Вязьма,"[34.298037, 55.205944]"
Вятские Поляны,"[51.074919, 56.222896]"
Гаврилов Посад,"[40.120297, 56.558452]"
Гаврилов-Ям,"[39.853847, 57.303956]"
Гагарин,"[34.996854, 55.553299]"
Гаджиево,"[33.315082, 69.250425]"
Гай,"[58.440637, 51.463453]"
Галич,"[42.34749, 58.381203]"
Гатчина,"[30.122892, 59.56841]"
Гвардейск,"[21.071341, 54.647708]"
Гдов,"[27.819594, 58.744398]"
Геленджик,"[38.077115, 44.561012]"
Георгиевск,"[43.474274, 44.147959]"
Глазов,"[52.674253, 58.140801]"
Голицыно,"[36.987126, 55.615949]"
Горбатов,"[43.062701, 56.130874]"
Горно-Алтайск,"[85.960634, 51.957804]"
Горнозаводск,"[58.330917, 58.374682]"
Горняк,"[81.460766, 50.999759]"
Городец,"[43.47236, 56.644822]"
Городище,"[45.70267, 53.272758]"
Городовиковск,"[41.936052, 46.083105]"
Гороховец,"[42.691203, 56.2017]"
Горячий Ключ,"[39.136426, 44.634246]"
Грайворон,"[35.66583, 50.486275]"
Гремячинск,"[57.852043, 58.562604]"
Грозный,"[45.692421, 43.318366]"
Грязи,"[39.95533, 52.496191]"
Грязовец,"[40.248432, 58.875793]"
Губаха,"[57.554584, 58.837022]"
Губкин,"[37.534757, 51.283644]"
Губкинский,"[76.500503, 64.432625]"
Гудермес,"[46.102906, 43.352037]"
Гуково,"[39.934929, 48.061025]"
Гулькевичи,"[40.695236, 45.360342]"
Гурьевск,"[20.608359, 54.770401]"
Гурьевск,"[85.947635, 54.285935]"
Гусев,"[22.201117, 54.591841]"
Гусиноозёрск,"[106.529323, 51.285526]"
Гусь-Хрустальный,"[40.671045, 55.614556]"
Давлеканово,"[55.03057, 54.212956]"
Дагестанские Огни,"[48.193923, 42.115189]"
Далматово,"[62.93932, 56.258613]"
Дальнегорск,"[135.576366, 44.558764]"
Дальнереченск,"[133.726941, 45.931182]"
Данилов,"[40.174995, 58.188193]"
Данков,"[39.134423, 53.246197]"
Дегтярск,"[60.086827, 56.698344]"
Дедовск,"[37.120445, 55.859953]"
Демидов,"[31.515011, 55.26444]"
Дербент,"[48.288776, 42.057669]"
Десногорск,"[33.287881, 54.152351]"
Джанкойне призн.,"[34.392872, 45.713348]"
Дзержинск,"[43.461634, 56.238382]"
Дзержинский,"[37.849616, 55.630944]"
Дивногорск,"[92.380148, 55.957726]"
Дигора,"[44.155044, 43.156732]"
Димитровград,"[49.623924, 54.217515]"
Дмитриев,"[35.080353, 52.12778]"
Дмитров,"[37.517608, 56.342905]"
Дмитровск,"[35.141645, 52.505127]"
Дно,"[29.961393, 57.828222]"
Добрянка,"[56.403986, 58.468068]"
Долгопрудный,"[37.51423, 55.933302]"
Долинск,"[142.79821, 47.324133]"
Домодедово,"[37.768004, 55.437174]"
Донецк,"[39.944856, 48.337126]"
Донской,"[38.33741, 53.968352]"
Дорогобуж,"[33.297044, 54.912677]"
Дрезна,"[38.842371, 55.741404]"
Дубна,"[37.162189, 56.736345]"
Дубовка,"[44.826957, 49.055375]"
Дудинка,"[86.164992, 69.405769]"
Духовщина,"[32.414171, 55.191356]"
Дюртюли,"[54.873472, 55.48529]"
Дятьково,"[34.339656, 53.597311]"
Евпаторияне призн.,"[33.367643, 45.190635]"
Егорьевск,"[39.035842, 55.383055]"
Ейск,"[38.27266, 46.711944]"
Екатеринбург,"[60.597474, 56.838011]"
Елабуга,"[52.053939, 55.757496]"
Елец,"[38.500446, 52.621938]"
Елизово,"[158.382659, 53.189231]"
Ельня,"[33.182743, 54.575911]"
Еманжелинск,"[61.317223, 54.752147]"
Емва,"[50.886569, 62.598375]"
Енисейск,"[92.173778, 58.453074]"
Ермолино,"[36.595272, 55.196911]"
Ершов,"[48.266498, 51.349829]"
Ессентуки,"[42.85891, 44.044526]"
Ефремов,"[38.117673, 53.137603]"
Железноводск,"[43.030506, 44.131967]"
Железногорск,"[93.532264, 56.252922]"
Железногорск,"[35.350871, 52.339203]"
Железногорск-Илимский,"[104.114292, 56.584848]"
Жердевка,"[41.469638, 51.844163]"
Жигулёвск,"[49.494657, 53.40172]"
Жиздра,"[34.734187, 53.7474]"
Жирновск,"[44.778843, 50.978718]"
Жуков,"[36.747895, 55.030627]"
Жуковка,"[33.732547, 53.533067]"
Жуковский,"[38.119811, 55.59748]"
Завитинск,"[129.439318, 50.106524]"
Заводоуковск,"[66.539453, 56.509583]"
Заволжск,"[42.138748, 57.490765]"
Заволжье,"[43.387164, 56.640441]"
Задонск,"[38.919456, 52.391972]"
Заинск,"[52.000427, 55.283928]"
Закаменск,"[103.286764, 50.372602]"
Заозёрный,"[94.709228, 55.961818]"
Заозёрск,"[32.445648, 69.401974]"
Западная Двина,"[32.071275, 56.259628]"
Заполярный,"[30.820524, 69.426135]"
Зарайск,"[38.881718, 54.758475]"
Заречный,"[45.169071, 53.196088]"
Заречный,"[61.320349, 56.814966]"
Заринск,"[84.931488, 53.706337]"
Звенигово,"[48.015329, 55.972312]"
Звенигород,"[36.854463, 55.729828]"
Зверево,"[40.12301, 48.021693]"
Зеленогорск,"[94.588844, 56.113291]"
Зеленоградск,"[20.47504, 54.960075]"
Зеленодольск,"[48.492802, 55.847048]"
Зеленокумск,"[43.884148, 44.403288]"
Зерноград,"[40.312824, 46.849564]"
Зея,"[127.265889, 53.734038]"
Зима,"[102.049065, 53.920725]"
Златоуст,"[59.672425, 55.173113]"
Злынка,"[31.737084, 52.427389]"
Змеиногорск,"[82.198472, 51.153908]"
Знаменск,"[45.723188, 48.587337]"
Зубцов,"[34.582902, 56.170536]"
Зуевка,"[51.133435, 58.403217]"
Ивангород,"[28.219712, 59.37649]"
Иваново,"[40.97393, 57.000353]"
Ивантеевка,"[37.907414, 55.976201]"
Ивдель,"[60.417299, 60.697353]"
Игарка,"[86.567662, 67.46694]"
Ижевск,"[53.2069, 56.852676]"
Избербаш,"[47.871087, 42.565148]"
Изобильный,"[41.708644, 45.368543]"
Иланский,"[96.065306, 56.238557]"
Инза,"[46.351649, 53.85704]"
Иннополис,"[48.744618, 55.752085]"
Инсар,"[44.372248, 53.866513]"
Инта,"[60.115367, 66.036823]"
Ипатово,"[42.911156, 45.717425]"
Ирбит,"[63.054079, 57.68507]"
Иркутск,"[104.280606, 52.289588]"
Исилькуль,"[71.262453, 54.913914]"
Искитим,"[83.306391, 54.642587]"
Истра,"[36.859017, 55.91466]"
Ишим,"[69.457073, 56.109175]"
Ишимбай,"[56.04395, 53.454626]"
Йошкар-Ола,"[47.886178, 56.6316]"
Кадников,"[40.341112, 59.501748]"
Казань,"[49.106414, 55.796127]"
Калач,"[41.016231, 50.424136]"
Калач-на-Дону,"[43.538216, 48.682007]"
Калачинск,"[74.581782, 55.052613]"
Калининград,"[20.510137, 54.710162]"
Калининск,"[44.48548, 51.499671]"
Калтан,"[87.27716, 53.521088]"
Калуга,"[36.261224, 54.513845]"
Калязин,"[37.828308, 57.241069]"
Камбарка,"[54.193475, 56.266957]"
Каменка,"[44.046878, 53.185557]"
Каменногорск,"[29.130882, 60.95081]"
Каменск-Уральский,"[61.917764, 56.41524]"
Каменск-Шахтинский,"[40.269534, 48.323133]"
Камень-на-Оби,"[81.354558, 53.791492]"
Камешково,"[40.995597, 56.348921]"
Камызяк,"[48.067548, 46.114432]"
Камышин,"[45.402166, 50.085287]"
Камышлов,"[62.707464, 56.843988]"
Канаш,"[47.491764, 55.506943]"
Кандалакша,"[32.412832, 67.151256]"
Канск,"[95.705064, 56.20505]"
Карабаново,"[38.696853, 56.308116]"
Карабаш,"[60.203087, 55.488371]"
Карабулак,"[44.909413, 43.305601]"
Карасук,"[78.04936, 53.731934]"
Карачаевск,"[41.911475, 43.769958]"
Карачев,"[34.982805, 53.121594]"
Каргат,"[80.283012, 55.194486]"
Каргополь,"[38.948166, 61.505339]"
Карпинск,"[60.001074, 59.766633]"
Карталы,"[60.639462, 53.053308]"
Касимов,"[41.391368, 54.937288]"
Касли,"[60.757411, 55.897337]"
Каспийск,"[47.635665, 42.890853]"
Катав-Ивановск,"[58.205836, 54.753513]"
Катайск,"[62.58365, 56.283235]"
Качканар,"[59.485037, 58.70526]"
Кашин,"[37.607745, 57.361939]"
Кашира,"[38.15154, 54.834589]"
Кедровый,"[79.566974, 57.560963]"
Кемерово,"[86.086847, 55.355198]"
Кемь,"[34.59838, 64.955532]"
Керчьне призн.,"[33.993751, 45.3892]"
Кизел,"[57.653875, 59.04943]"
Кизилюрт,"[46.866887, 43.204637]"
Кизляр,"[46.710338, 43.850312]"
Кимовск,"[38.533063, 53.972149]"
Кимры,"[37.358274, 56.872659]"
Кингисепп,"[28.601209, 59.378053]"
Кинель,"[50.634394, 53.22101]"
Кинешма,"[42.169525, 57.443126]"
Киреевск,"[37.928542, 53.934949]"
Киренск,"[108.110825, 57.775727]"
Киржач,"[38.871585, 56.161945]"
Кириллов,"[38.374942, 59.859059]"
Кириши,"[32.008716, 59.449695]"
Киров,"[34.307999, 54.079614]"
Киров,"[49.668023, 58.603595]"
Кировград,"[60.062321, 57.431916]"
Кирово-Чепецк,"[50.043941, 58.556581]"
Кировск,"[30.981457, 59.87533]"
Кировск,"[33.668237, 67.61206]"
Кирс,"[52.241516, 59.339991]"
Кирсанов,"[42.728663, 52.650652]"
Киселёвск,"[86.636688, 54.006025]"
Кисловодск,"[42.715718, 43.905518]"
Клин,"[36.728725, 56.331588]"
Клинцы,"[32.233852, 52.753143]"
Княгинино,"[45.032249, 55.820566]"
Ковдор,"[30.474034, 67.562917]"
Ковров,"[41.310933, 56.362506]"
Ковылкино,"[43.91505, 54.0379]"
Когалым,"[74.482761, 62.264069]"
Кодинск,"[99.179712, 58.603412]"
Козельск,"[35.78226, 54.034601]"
Козловка,"[48.245136, 55.840386]"
Козьмодемьянск,"[46.547222, 56.332631]"
Кола,"[33.025232, 68.878221]"
Кологрив,"[44.310551, 58.825182]"
Коломна,"[38.765556, 55.095956]"
Колпашево,"[82.902688, 58.311389]"
Кольчугино,"[39.376501, 56.293647]"
Коммунар,"[30.393483, 59.621609]"
Комсомольск,"[40.37761, 57.027394]"
Комсомольск-на-Амуре,"[137.008685, 50.550055]"
Конаково,"[36.779354, 56.713242]"
Кондопога,"[34.272758, 62.20475]"
Кондрово,"[35.926647, 54.807435]"
Константиновск,"[41.096694, 47.577341]"
Копейск,"[61.611574, 55.115697]"
Кораблино,"[40.034463, 53.926817]"
Кореновск,"[39.448033, 45.462742]"
Коркино,"[61.393049, 54.892493]"
Королёв,"[37.815211, 55.918953]"
Короча,"[37.196119, 50.811355]"
Корсаков,"[142.782579, 46.63498]"
Коряжма,"[47.159864, 61.315335]"
Костерёво,"[39.63385, 55.934296]"
Костомукша,"[30.596637, 64.587358]"
Кострома,"[40.926894, 57.767918]"
Котельники,"[37.850523, 55.660191]"
Котельниково,"[43.146065, 47.630046]"
Котельнич,"[48.346313, 58.305095]"
Котлас,"[46.633226, 61.252975]"
Котово,"[44.801328, 50.322064]"
Котовск,"[41.50575, 52.59292]"
Кохма,"[41.093217, 56.932531]"
Красавино,"[46.481474, 60.961377]"
Красноармейск,"[38.141578, 56.120342]"
Красноармейск,"[45.695178, 51.023973]"
Красновишерск,"[57.083301, 60.412825]"
Красногорск,"[37.330399, 55.831003]"
Краснодар,"[38.975313, 45.03547]"
Краснозаводск,"[38.25154, 56.43791]"
Краснознаменск,"[22.49059, 54.942149]"
Краснознаменск,"[37.042489, 55.600506]"
Краснокаменск,"[118.034146, 50.098683]"
Краснокамск,"[55.736376, 58.078362]"
Красноперекопскне призн.,"[33.993751, 45.3892]"
Краснослободск,"[44.563149, 48.706788]"
Краснослободск,"[43.787283, 54.424005]"
Краснотурьинск,"[60.193574, 59.763534]"
Красноуральск,"[60.038749, 58.356726]"
Красноуфимск,"[57.770791, 56.617928]"
Красноярск,"[92.852572, 56.010569]"
Красный Кут,"[46.968118, 50.951263]"
Красный Сулин,"[40.057495, 47.893519]"
Красный Холм,"[37.112531, 58.057088]"
Кремёнки,"[37.116232, 54.887036]"
Кропоткин,"[40.576003, 45.434693]"
Крымск,"[37.987894, 44.935414]"
Кстово,"[44.206805, 56.150665]"
Кубинка,"[36.695182, 55.575577]"
Кувандык,"[57.350765, 51.478528]"
Кувшиново,"[34.165877, 57.028957]"
Кудрово,"[30.513578, 59.908489]"
Кудымкар,"[54.664183, 59.014548]"
Кузнецк,"[46.601174, 53.119335]"
Куйбышев,"[78.311111, 55.445972]"
Кукмор,"[50.89399, 56.186599]"
Кулебаки,"[42.512492, 55.429716]"
Кумертау,"[55.796698, 52.756185]"
Кунгур,"[56.944215, 57.42881]"
Купино,"[77.295691, 54.364236]"
Курган,"[65.341118, 55.441004]"
Курганинск,"[40.588858, 44.88453]"
Курильск,"[147.875506, 45.22829]"
Курлово,"[40.611208, 55.454973]"
Куровское,"[38.923022, 55.57718]"
Курск,"[36.193015, 51.730846]"
Куртамыш,"[64.42799, 54.910156]"
Курчалой,"[46.088955, 43.204637]"
Курчатов,"[35.657098, 51.659518]"
Куса,"[59.442196, 55.337496]"
Кушва,"[59.764682, 58.282571]"
Кызыл,"[94.43799, 51.71989]"
Кыштым,"[60.538958, 55.707882]"
Кяхта,"[106.449903, 50.35522]"
Лабинск,"[40.723578, 44.635715]"
Лабытнанги,"[66.37993, 66.660883]"
Лагань,"[47.354142, 45.392903]"
Ладушкин,"[20.172954, 54.569121]"
Лаишево,"[49.544522, 55.402628]"
Лакинск,"[39.949446, 56.01711]"
Лангепас,"[75.180725, 61.253706]"
Лахденпохья,"[30.194488, 61.521157]"
Лебедянь,"[39.134629, 53.010982]"
Лениногорск,"[52.442676, 54.599028]"
Ленинск,"[45.199228, 48.693682]"
Ленинск-Кузнецкий,"[86.162243, 54.663609]"
Ленск,"[114.911853, 60.713735]"
Лермонтов,"[42.973184, 44.10535]"
Лесной,"[59.79863, 58.635513]"
Лесозаводск,"[133.398221, 45.464809]"
Лесосибирск,"[92.503666, 58.221733]"
Ливны,"[37.60805, 52.426549]"
Ликино-Дулёво,"[38.958712, 55.707086]"
Липецк,"[39.599229, 52.608826]"
Липки,"[37.701924, 53.941755]"
Лиски,"[39.497099, 50.987304]"
Лихославль,"[35.466808, 57.122224]"
Лобня,"[37.47492, 56.01242]"
Лодейное Поле,"[33.543183, 60.734305]"
Лосино-Петровский,"[38.200992, 55.872183]"
Луга,"[29.847945, 58.735207]"
Луза,"[47.254771, 60.630013]"
Лукоянов,"[44.493358, 55.032702]"
Луховицы,"[39.02605, 54.96515]"
Лысково,"[45.040971, 56.021362]"
Лысьва,"[57.811664, 58.100417]"
Лыткарино,"[37.908986, 55.579302]"
Льгов,"[35.257456, 51.655953]"
Любань,"[31.24858, 59.349301]"
Люберцы,"[37.893328, 55.676748]"
Любим,"[40.686882, 58.362004]"
Людиново,"[34.447732, 53.864533]"
Лянтор,"[72.155361, 61.620667]"
Магадан,"[150.808586, 59.565155]"
Магас,"[44.803574, 43.166787]"
Магнитогорск,"[58.980291, 53.407163]"
Майкоп,"[40.105852, 44.606683]"
Майский,"[44.051756, 43.628254]"
Макаров,"[142.781807, 48.622695]"
Макарьев,"[43.807764, 57.880038]"
Макушино,"[67.248601, 55.205029]"
Малая Вишера,"[32.217673, 58.845758]"
Малгобек,"[44.585723, 43.509318]"
Малмыж,"[50.678232, 56.524466]"
Малоархангельск,"[36.502107, 52.400974]"
Малоярославец,"[36.461351, 55.012667]"
Мамадыш,"[51.409703, 55.717847]"
Мамоново,"[19.941485, 54.462922]"
Мантурово,"[44.763652, 58.333979]"
Мариинск,"[87.742263, 56.206957]"
Мариинский Посад,"[47.718661, 56.113707]"
Маркс,"[46.740144, 51.712591]"
Махачкала,"[47.504745, 42.9831]"
Мглин,"[32.847815, 53.061074]"
Мегион,"[76.102621, 61.03289]"
Медвежьегорск,"[34.473101, 62.914998]"
Медногорск,"[57.582944, 51.403446]"
Медынь,"[35.856515, 54.968535]"
Межгорье,"[57.973531, 54.241604]"
Междуреченск,"[88.080398, 53.685199]"
Мезень,"[44.243447, 65.844166]"
Меленки,"[41.634039, 55.33872]"
Мелеуз,"[55.927672, 52.959143]"
Менделеевск,"[52.314397, 55.895186]"
Мензелинск,"[53.101429, 55.719972]"
Мещовск,"[35.27809, 54.321476]"
Миасс,"[60.109599, 55.050432]"
Микунь,"[50.082532, 62.356493]"
Миллерово,"[40.394849, 48.92173]"
Минеральные Воды,"[43.13834, 44.208806]"
Минусинск,"[91.686981, 53.710015]"
Миньяр,"[57.548467, 55.070912]"
Мирный,"[113.978701, 62.541028]"
Мирный,"[40.326613, 62.761555]"
Михайлов,"[39.023517, 54.232506]"
Михайловка,"[43.23445, 50.07938]"
Михайловск,"[59.125926, 56.444862]"
Михайловск,"[42.028803, 45.129667]"
Мичуринск,"[40.49802, 52.893913]"
Могоча,"[119.766089, 53.736211]"
Можайск,"[36.016972, 55.506954]"
Можга,"[52.213022, 56.440244]"
Моздок,"[44.653887, 43.735433]"
Мончегорск,"[32.937071, 67.938921]"
Морозовск,"[41.830887, 48.351157]"
Моршанск,"[41.811627, 53.443611]"
Мосальск,"[34.982526, 54.490397]"
Москва,"[37.617644, 55.755819]"
Муравленко,"[74.494457, 63.795285]"
Мураши,"[48.96386, 59.395604]"
Мурино,"[30.438578, 60.051284]"
Мурманск,"[33.074918, 68.970663]"
Муром,"[42.052411, 55.579174]"
Мценск,"[36.575006, 53.278939]"
Мыски,"[87.805747, 53.712514]"
Мытищи,"[37.736743, 55.909968]"
Мышкин,"[38.454883, 57.78663]"
Набережные Челны,"[52.403662, 55.741272]"
Навашино,"[42.188748, 55.543893]"
Наволоки,"[41.957774, 57.470593]"
Надым,"[72.540055, 65.527025]"
Назарово,"[90.417697, 56.012345]"
Назрань,"[44.768485, 43.231409]"
Называевск,"[71.349186, 55.564821]"
Нальчик,"[43.607081, 43.485259]"
Нариманов,"[47.854405, 46.689553]"
Наро-Фоминск,"[36.72285, 55.383838]"
Нарткала,"[43.862022, 43.556734]"
Нарьян-Мар,"[53.006926, 67.63805]"
Находка,"[132.89282, 42.824043]"
Невель,"[29.91725, 56.017483]"
Невельск,"[141.856596, 46.671673]"
Невинномысск,"[41.936061, 44.638287]"
Невьянск,"[60.218251, 57.491225]"
Нелидово,"[32.772042, 56.225553]"
Неман,"[22.028146, 55.038841]"
Нерехта,"[40.572563, 57.460544]"
Нерчинск,"[116.585693, 51.977058]"
Нерюнгри,"[124.712311, 56.657717]"
Нестеров,"[22.571366, 54.631368]"
Нефтегорск,"[51.163808, 52.797221]"
Нефтекамск,"[54.247751, 56.088483]"
Нефтекумск,"[44.994097, 44.750586]"
Нефтеюганск,"[72.616403, 61.088255]"
Нея,"[43.867637, 58.293911]"
Нижневартовск,"[76.558902, 60.938545]"
Нижнекамск,"[51.819712, 55.637576]"
Нижнеудинск,"[99.026387, 54.901238]"
Нижние Серги,"[59.301322, 56.658533]"
Нижний Ломов,"[43.672999, 53.530049]"
Нижний Новгород,"[44.006516, 56.326797]"
Нижний Тагил,"[59.971474, 57.907562]"
Нижняя Салда,"[60.716331, 58.07149]"
Нижняя Тура,"[59.851325, 58.631072]"
Николаевск,"[45.45911, 50.025878]"
Николаевск-на-Амуре,"[140.713795, 53.14025]"
Никольск,"[45.45849, 59.530416]"
Никольск,"[46.084356, 53.71447]"
Никольское,"[30.78681, 59.704574]"
Новая Ладога,"[32.316183, 60.106401]"
Новая Ляля,"[60.594142, 59.052073]"
Новоалександровск,"[41.215388, 45.49331]"
Новоалтайск,"[83.931079, 53.412021]"
Новоаннинский,"[42.667083, 50.529606]"
Нововоронеж,"[39.215981, 51.3091]"
Новодвинск,"[40.82083, 64.413687]"
Новозыбков,"[31.933231, 52.536723]"
Новокубанск,"[41.043935, 45.103799]"
Новокузнецк,"[87.136053, 53.757553]"
Новокуйбышевск,"[49.947776, 53.099469]"
Новомичуринск,"[39.750865, 54.034574]"
Новомосковск,"[38.291057, 54.010914]"
Новопавловск,"[43.63191, 43.957369]"
Новоржев,"[29.332419, 57.029623]"
Новороссийск,"[37.768813, 44.723771]"
Новосибирск,"[82.92043, 55.030204]"
Новосиль,"[37.039947, 52.972377]"
Новосокольники,"[30.152896, 56.347424]"
Новотроицк,"[58.299683, 51.196355]"
Новоузенск,"[48.13538, 50.462479]"
Новоульяновск,"[48.384824, 54.151718]"
Новоуральск,"[60.095613, 57.247235]"
Новохопёрск,"[41.631461, 51.100286]"
Новочебоксарск,"[47.476807, 56.108738]"
Новочеркасск,"[40.093734, 47.422052]"
Новошахтинск,"[39.934705, 47.754315]"
Новый Оскол,"[37.863064, 50.764439]"
Новый Уренгой,"[76.680956, 66.084539]"
Ногинск,"[38.441866, 55.854476]"
Нолинск,"[49.935721, 57.559713]"
Норильск,"[88.210393, 69.343985]"
Ноябрьск,"[75.450938, 63.201805]"
Нурлат,"[50.804958, 54.428122]"
Нытва,"[55.328631, 57.939127]"
Нюрба,"[118.336617, 63.278463]"
Нягань,"[65.433393, 62.14681]"
Нязепетровск,"[59.595449, 56.053924]"
Няндома,"[40.197103, 61.661418]"
Облучье,"[131.05969, 49.020287]"
Обнинск,"[36.586459, 55.11202]"
Обоянь,"[36.267638, 51.209893]"
Обь,"[82.692859, 54.995307]"
Одинцово,"[37.263663, 55.679138]"
Озёрск,"[22.01353, 54.408513]"
Озёрск,"[60.707608, 55.763189]"
Озёры,"[38.559833, 54.854092]"
Октябрьск,"[48.670677, 53.164038]"
Октябрьский,"[53.46557, 54.481454]"
Окуловка,"[33.298679, 58.377145]"
Олёкминск,"[120.403084, 60.372981]"
Оленегорск,"[33.270104, 68.14046]"
Олонец,"[32.972043, 60.979719]"
Омск,"[73.368221, 54.989347]"
Омутнинск,"[52.177161, 58.66406]"
Онега,"[38.086655, 63.914485]"
Опочка,"[28.658926, 56.713993]"
Орёл,"[36.064358, 52.970756]"
Оренбург,"[55.096964, 51.768205]"
Орехово-Зуево,"[38.981601, 55.805842]"
Орлов,"[48.89284, 58.539037]"
Орск,"[58.474675, 51.2293]"
Оса,"[55.470169, 57.288394]"
Осинники,"[87.337078, 53.598754]"
Осташков,"[33.102873, 57.15605]"
Остров,"[28.352349, 57.342186]"
Островной,"[39.459352, 68.065779]"
Острогожск,"[39.082365, 50.860145]"
Отрадное,"[30.794553, 59.77409]"
Отрадный,"[51.348789, 53.376549]"
Оха,"[142.949163, 53.588974]"
Оханск,"[55.388656, 57.721935]"
Очёр,"[54.716096, 57.885268]"
Павлово,"[43.064848, 55.965103]"
Павловск,"[40.130439, 50.453624]"
Павловский Посад,"[38.650976, 55.78034]"
Палласовка,"[46.880407, 50.050172]"
Партизанск,"[133.123255, 43.11982]"
Певек,"[170.274369, 69.702974]"
Пенза,"[45.018316, 53.195042]"
Первомайск,"[43.801386, 54.867632]"
Первоуральск,"[59.943267, 56.905819]"
Перевоз,"[44.54494, 55.596854]"
Пересвет,"[38.173342, 56.415808]"
Переславль-Залесский,"[38.854382, 56.739194]"
Пермь,"[56.229443, 58.010455]"
Пестово,"[35.798107, 58.599071]"
Петров Вал,"[45.214203, 50.139571]"
Петровск,"[45.38994, 52.314028]"
Петровск-Забайкальский,"[108.853579, 51.276354]"
Петрозаводск,"[34.346878, 61.785021]"
Петропавловск-Камчатский,"[158.643503, 53.024265]"
Петухово,"[67.887384, 55.065035]"
Петушки,"[39.459352, 55.931104]"
Печора,"[57.223977, 65.148606]"
Печоры,"[27.609352, 57.813756]"
Пикалёво,"[34.177483, 59.512684]"
Пионерский,"[20.226898, 54.951415]"
Питкяранта,"[31.478108, 61.568362]"
Плавск,"[37.291987, 53.706843]"
Пласт,"[60.808408, 54.363281]"
Плёс,"[41.512263, 57.460583]"
Поворино,"[42.245585, 51.190773]"
Подольск,"[37.544997, 55.431136]"
Подпорожье,"[34.167952, 60.912097]"
Покачи,"[75.599753, 61.741652]"
Покров,"[39.175745, 55.918081]"
Покровск,"[129.148228, 61.48424]"
Полевской,"[60.236307, 56.495802]"
Полесск,"[21.109888, 54.862782]"
Полысаево,"[86.280901, 54.605443]"
Полярные Зори,"[32.500975, 67.365788]"
Полярный,"[33.437235, 69.197402]"
Поронайск,"[143.100852, 49.221421]"
Порхов,"[29.558813, 57.760294]"
Похвистнево,"[52.123038, 53.653394]"
Почеп,"[33.454267, 52.929135]"
Починок,"[32.43953, 54.405474]"
Пошехонье,"[39.120481, 58.503857]"
Правдинск,"[21.018817, 54.44634]"
Приволжск,"[41.28083, 57.380662]"
Приморск,"[20.006964, 54.729351]"
Приморск,"[28.613561, 60.366014]"
Приморско-Ахтарск,"[38.177654, 46.043509]"
Приозерск,"[30.115589, 61.035979]"
Прокопьевск,"[86.750055, 53.884493]"
Пролетарск,"[41.727544, 46.703855]"
Протвино,"[37.2151, 54.864969]"
Прохладный,"[44.01055, 43.75904]"
Псков,"[28.33246, 57.819274]"
Пугачёв,"[48.812036, 52.0119]"
Пудож,"[36.533, 61.80589]"
Пустошка,"[29.365918, 56.336788]"
Пучеж,"[43.16802, 56.982058]"
Пушкино,"[37.847164, 56.011318]"
Пущино,"[37.620986, 54.832484]"
Пыталово,"[27.923969, 57.06393]"
Пыть-Ях,"[72.837281, 60.758176]"
Пятигорск,"[43.070643, 44.039802]"
Радужный,"[40.332605, 55.995659]"
Радужный,"[77.458448, 62.134265]"
Райчихинск,"[129.411255, 49.794114]"
Раменское,"[38.225004, 55.567586]"
Рассказово,"[41.874302, 52.653848]"
Ревда,"[59.908718, 56.800084]"
Реж,"[61.391648, 57.373777]"
Реутов,"[37.85515, 55.760515]"
Ржев,"[34.334419, 56.263017]"
Родники,"[41.733366, 57.107152]"
Рославль,"[32.857498, 53.947229]"
Россошь,"[39.562632, 50.198256]"
Ростов,"[39.414526, 57.18587]"
Ростов-на-Дону,"[39.720358, 47.222078]"
Рошаль,"[39.862768, 55.663283]"
Ртищево,"[43.785657, 52.257455]"
Рубцовск,"[81.217673, 51.527623]"
Рудня,"[31.081763, 54.948013]"
Руза,"[36.192242, 55.703657]"
Рузаевка,"[44.94911, 54.058274]"
Рыбинск,"[38.855711, 58.04864]"
Рыбное,"[39.505463, 54.730812]"
Рыльск,"[34.681052, 51.571263]"
Ряжск,"[40.062894, 53.708949]"
Рязань,"[39.741917, 54.629565]"
Сакине призн.,"[33.993751, 45.3892]"
Салават,"[55.924681, 53.361651]"
Салаир,"[85.803016, 54.235132]"
Салехард,"[66.614507, 66.529866]"
Сальск,"[41.541503, 46.474898]"
Самара,"[50.100202, 53.195878]"
Санкт-Петербург,"[30.315877, 59.939099]"
Саранск,"[45.183938, 54.187433]"
Сарапул,"[53.803687, 56.461218]"
Саратов,"[46.034266, 51.533562]"
Саров,"[43.344853, 54.922793]"
Сасово,"[41.924087, 54.349933]"
Сатка,"[58.974578, 55.047456]"
Сафоново,"[33.23798, 55.106057]"
Саяногорск,"[91.412204, 53.100762]"
Саянск,"[102.180139, 54.11081]"
Светлогорск,"[20.156075, 54.944218]"
Светлоград,"[42.856637, 45.328573]"
Светлый,"[20.131093, 54.673268]"
Светогорск,"[28.865879, 61.113731]"
Свирск,"[103.342253, 53.066572]"
Свободный,"[128.134156, 51.375889]"
Себеж,"[28.484823, 56.277403]"
Севастопольне призн.,"[33.525135, 44.616495]"
Северо-Курильск,"[156.115734, 50.668701]"
Северобайкальск,"[109.335597, 55.636001]"
Северодвинск,"[39.823781, 64.563386]"
Североморск,"[33.417679, 69.076455]"
Североуральск,"[59.952161, 60.152394]"
Северск,"[84.880913, 56.60319]"
Севск,"[34.4951, 52.156089]"
Сегежа,"[34.312617, 63.743705]"
Сельцо,"[34.105923, 53.373966]"
Семёнов,"[44.49034, 56.789017]"
Семикаракорск,"[40.811505, 47.517798]"
Семилуки,"[39.020211, 51.69463]"
Сенгилей,"[48.790593, 53.962075]"
Серафимович,"[42.734017, 49.584141]"
Сергач,"[45.465228, 55.531035]"
Сергиев Посад,"[38.135972, 56.315311]"
Сердобск,"[44.202735, 52.455683]"
Серов,"[60.573588, 59.605395]"
Серпухов,"[37.416601, 54.913681]"
Сертолово,"[30.217179, 60.143531]"
Сибай,"[58.665665, 52.72039]"
Сим,"[57.687184, 54.988469]"
Симферопольне призн.,"[34.100327, 44.948237]"
Сковородино,"[123.943641, 53.987177]"
Скопин,"[39.54939, 53.82359]"
Славгород,"[78.648671, 52.997158]"
Славск,"[21.682088, 55.044345]"
Славянск-на-Кубани,"[38.12822, 45.260332]"
Сланцы,"[28.088145, 59.11779]"
Слободской,"[50.183674, 58.731886]"
Слюдянка,"[103.718845, 51.656501]"
Смоленск,"[32.045287, 54.782635]"
Снежинск,"[60.732707, 56.087303]"
Снежногорск,"[33.242148, 69.192567]"
Собинка,"[40.017736, 55.993379]"
Советск,"[21.888656, 55.081034]"
Советск,"[48.959521, 57.587599]"
Советск,"[37.626636, 53.932946]"
Советская Гавань,"[140.285128, 48.966446]"
Советский,"[63.566802, 61.370766]"
Сокол,"[40.099986, 59.460972]"
Солигалич,"[42.285973, 59.077595]"
Соликамск,"[56.770391, 59.649193]"
Солнечногорск,"[36.977631, 56.185107]"
Соль-Илецк,"[54.980031, 51.161986]"
Сольвычегодск,"[46.928089, 61.330589]"
Сольцы,"[30.309355, 58.120173]"
Сорочинск,"[53.161149, 52.431316]"
Сорск,"[90.253332, 54.002611]"
Сортавала,"[30.691633, 61.702943]"
Сосенский,"[35.966038, 54.059489]"
Сосновка,"[51.284334, 56.253757]"
Сосновоборск,"[93.335434, 56.120211]"
Сосновый Бор,"[29.09221, 59.904225]"
Сосногорск,"[53.873117, 63.600002]"
Сочи,"[39.723098, 43.585472]"
Спас-Деменск,"[34.018993, 54.409807]"
Спас-Клепики,"[40.17628, 55.131167]"
Спасск,"[43.187729, 53.926499]"
Спасск-Дальний,"[132.817568, 44.597647]"
Спасск-Рязанский,"[40.380988, 54.403896]"
Среднеколымск,"[153.707009, 67.458183]"
Среднеуральск,"[60.463419, 56.988855]"
Сретенск,"[117.696029, 52.243661]"
Ставрополь,"[41.96911, 45.043317]"
Старая Купавна,"[38.183143, 55.812206]"
Старая Русса,"[31.355461, 57.99072]"
Старица,"[34.933586, 56.514927]"
Стародуб,"[32.760355, 52.585277]"
Старый Крымне призн.,"[35.099316, 45.031865]"
Старый Оскол,"[37.833231, 51.297974]"
Стерлитамак,"[55.930825, 53.630403]"
Стрежевой,"[77.604011, 60.732867]"
Строитель,"[36.486998, 50.785172]"
Струнино,"[38.581402, 56.372263]"
Ступино,"[38.078237, 54.88628]"
Суворов,"[36.490348, 54.122088]"
Судакне призн.,"[34.976157, 44.850532]"
Суджа,"[35.269206, 51.190581]"
Судогда,"[40.856295, 55.949884]"
Суздаль,"[40.448757, 56.419333]"
Сунжа,"[45.047682, 43.320353]"
Суоярви,"[32.373325, 62.087946]"
Сураж,"[32.393043, 53.013891]"
Сургут,"[73.393032, 61.241778]"
Суровикино,"[42.844249, 48.60538]"
Сурск,"[45.6911, 53.076046]"
Сусуман,"[148.151657, 62.779444]"
Сухиничи,"[35.337981, 54.101551]"
Сухой Лог,"[62.035542, 56.905431]"
Сызрань,"[48.474611, 53.155669]"
Сыктывкар,"[50.836497, 61.668797]"
Сысерть,"[60.810034, 56.502286]"
Сычёвка,"[34.276055, 55.826746]"
Сясьстрой,"[32.561279, 60.137057]"
Тавда,"[65.272604, 58.041876]"
Таганрог,"[38.936694, 47.208735]"
Тайга,"[85.631024, 56.065143]"
Тайшет,"[98.002982, 55.940502]"
Талдом,"[37.527938, 56.730924]"
Талица,"[63.733394, 57.014273]"
Тамбов,"[41.45275, 52.721295]"
Тара,"[74.371981, 56.901838]"
Тарко-Сале,"[77.761055, 64.911823]"
Таруса,"[37.17959, 54.729127]"
Татарск,"[75.973371, 55.219447]"
Таштагол,"[87.848318, 52.763918]"
Тверь,"[35.91186, 56.859625]"
Теберда,"[41.741432, 43.443841]"
Тейково,"[40.535471, 56.85436]"
Темников,"[43.216089, 54.630972]"
Темрюк,"[37.365388, 45.282044]"
Терек,"[44.140267, 43.483865]"
Тетюши,"[48.835958, 54.928018]"
Тимашёвск,"[38.933973, 45.6142]"
Тихвин,"[33.542105, 59.644213]"
Тихорецк,"[40.123171, 45.852784]"
Тобольск,"[68.253995, 58.200891]"
Тогучин,"[84.402874, 55.238018]"
Тольятти,"[49.420411, 53.507852]"
Томари,"[142.063532, 47.761063]"
Томмот,"[126.287588, 58.95867]"
Томск,"[84.947649, 56.484645]"
Топки,"[85.615223, 55.276508]"
Торжок,"[34.960149, 57.041338]"
Торопец,"[31.643686, 56.495171]"
Тосно,"[30.875006, 59.541179]"
Тотьма,"[42.758873, 59.973487]"
Трёхгорный,"[58.44662, 54.814652]"
Троицк,"[61.559004, 54.082757]"
Трубчевск,"[33.766082, 52.579083]"
Туапсе,"[39.073382, 44.095245]"
Туймазы,"[53.694955, 54.600708]"
Тула,"[37.617348, 54.193122]"
Тулун,"[100.578047, 54.55712]"
Туран,"[93.923328, 52.142981]"
Туринск,"[63.690814, 58.052474]"
Тутаев,"[39.530714, 57.8688]"
Тында,"[124.73644, 55.149666]"
Тырныауз,"[42.921432, 43.398091]"
Тюкалинск,"[72.192299, 55.872385]"
Тюмень,"[65.541227, 57.152985]"
Уварово,"[42.261009, 51.983105]"
Углегорск,"[142.063343, 49.079433]"
Углич,"[38.319372, 57.526597]"
Удачный,"[112.306398, 66.40697]"
Удомля,"[35.005739, 57.871648]"
Ужур,"[89.844006, 55.32016]"
Узловая,"[38.160308, 53.97844]"
Улан-Удэ,"[107.584547, 51.834809]"
Ульяновск,"[48.403132, 54.314192]"
Унеча,"[32.670676, 52.845115]"
Урай,"[64.803225, 60.128955]"
Урень,"[45.799536, 57.463042]"
Уржум,"[50.005726, 57.109738]"
Урус-Мартан,"[45.541297, 43.130749]"
Урюпинск,"[41.995593, 50.79451]"
Усинск,"[57.55701, 65.994148]"
Усмань,"[39.736069, 52.043386]"
Усолье,"[56.684692, 59.427416]"
Усолье-Сибирское,"[103.637332, 52.757095]"
Уссурийск,"[131.952122, 43.797247]"
Усть-Джегута,"[41.971051, 44.083902]"
Усть-Илимск,"[102.733519, 57.942686]"
Усть-Катав,"[58.174709, 54.930289]"
Усть-Кут,"[105.74539, 56.780882]"
Усть-Лабинск,"[39.691225, 45.213657]"
Устюжна,"[36.42867, 58.842699]"
Уфа,"[55.958736, 54.735152]"
Ухта,"[53.663999, 63.566006]"
Учалы,"[59.379152, 54.316497]"
Уяр,"[94.328306, 55.813177]"
Фатеж,"[35.860935, 52.089598]"
Феодосияне призн.,"[35.383911, 45.026654]"
Фокино,"[34.415923, 53.455436]"
Фокино,"[132.410936, 42.97407]"
Фролово,"[43.649185, 49.765605]"
Фрязино,"[38.042808, 55.961339]"
Фурманов,"[41.106189, 57.252601]"
Хабаровск,"[135.071917, 48.480229]"
Хадыженск,"[39.537326, 44.422804]"
Ханты-Мансийск,"[69.046866, 61.035726]"
Харабали,"[47.249713, 47.40307]"
Харовск,"[40.206319, 59.950745]"
Хасавюрт,"[46.585526, 43.248524]"
Хвалынск,"[48.105772, 52.495506]"
Хилок,"[110.459021, 51.363406]"
Химки,"[37.444853, 55.889361]"
Холм,"[31.181835, 57.148835]"
Холмск,"[142.042017, 47.040819]"
Хотьково,"[37.978803, 56.252147]"
Цивильск,"[47.465309, 55.864899]"
Цимлянск,"[42.104783, 47.646955]"
Циолковский,"[128.122514, 51.762324]"
Чадан,"[91.567406, 51.28294]"
Чайковский,"[54.14881, 56.778081]"
Чапаевск,"[49.710217, 52.981709]"
Чаплыгин,"[39.966999, 53.240555]"
Чебаркуль,"[60.37012, 54.97779]"
Чебоксары,"[47.247728, 56.139918]"
Чегем,"[43.586725, 43.57038]"
Чекалин,"[36.247219, 54.098526]"
Челябинск,"[61.402554, 55.159902]"
Чердынь,"[56.482166, 60.401192]"
Черемхово,"[103.090096, 53.136917]"
Черепаново,"[83.37221, 54.228417]"
Череповец,"[37.90347, 59.122612]"
Черкесск,"[42.048279, 44.228374]"
Чёрмоз,"[56.152296, 58.778827]"
Черноголовка,"[38.378248, 56.009849]"
Черногорск,"[91.306005, 53.827013]"
Чернушка,"[56.07637, 56.516015]"
Черняховск,"[21.819503, 54.630706]"
Чехов,"[37.454357, 55.14235]"
Чистополь,"[50.643575, 55.372339]"
Чита,"[113.501049, 52.033635]"
Чкаловск,"[43.251105, 56.766257]"
Чудово,"[31.678136, 59.121666]"
Чулым,"[80.963288, 55.091263]"
Чусовой,"[57.808053, 58.305058]"
Чухлома,"[42.688481, 58.753399]"
Шагонар,"[92.919981, 51.534711]"
Шадринск,"[63.629747, 56.087042]"
Шали,"[45.903956, 43.153444]"
Шарыпово,"[89.18016, 55.53909]"
Шарья,"[45.518264, 58.369854]"
Шатура,"[39.544575, 55.577577]"
Шахты,"[40.215401, 47.709237]"
Шахунья,"[46.612933, 57.676341]"
Шацк,"[41.713073, 54.023558]"
Шебекино,"[36.879319, 50.404344]"
Шелехов,"[104.097395, 52.210209]"
Шенкурск,"[42.899612, 62.105654]"
Шилка,"[116.032735, 51.85262]"
Шимановск,"[127.676132, 51.999509]"
Шиханы,"[47.202327, 52.11478]"
Шлиссельбург,"[31.034754, 59.944959]"
Шумерля,"[46.417846, 55.497934]"
Шумиха,"[63.28571, 55.228726]"
Шуя,"[41.384622, 56.854404]"
Щёкино,"[37.518165, 54.001574]"
Щёлкиноне призн.,"[35.824849, 45.429063]"
Щёлково,"[37.991532, 55.92022]"
Щигры,"[36.912341, 51.873243]"
Щучье,"[62.747862, 55.208836]"
Электрогорск,"[38.78037, 55.879864]"
Электросталь,"[38.444858, 55.78445]"
Электроугли,"[38.214772, 55.716818]"
Элиста,"[44.269759, 46.307743]"
Энгельс,"[46.124052, 51.50105]"
Эртиль,"[40.799252, 51.835733]"
Югорск,"[63.331964, 61.314917]"
Южа,"[42.011843, 56.583698]"
Южно-Сахалинск,"[142.729587, 46.957771]"
Южно-Сухокумск,"[45.651017, 44.659128]"
Южноуральск,"[61.268237, 54.442455]"
Юрга,"[84.933878, 55.713557]"
Юрьев-Польский,"[39.680823, 56.49925]"
Юрьевец,"[43.110842, 57.318321]"
Юрюзань,"[58.425276, 54.853677]"
Юхнов,"[35.226464, 54.741525]"
Ядрин,"[46.202107, 55.940689]"
Якутск,"[129.732178, 62.027221]"
Ялтане призн.,"[33.993751, 45.3892]"
Ялуторовск,"[66.312215, 56.654694]"
Янаул,"[54.929833, 56.264962]"
Яранск,"[47.885855, 57.304233]"
Яровое,"[78.580049, 52.919743]"
Ярославль,"[39.893813, 57.626559]"
Ярцево,"[32.688292, 55.066123]"
Ясногорск,"[37.693354, 54.479293]"
Ясный,"[59.874088, 51.035711]"
Яхрома,"[37.483858, 56.28989]"
Ракитное,"[35.831389, 50.834383]"
Ютановка,"[37.796768, 50.4909]"
Вейделевка,"[38.444499, 50.151497]"
Дмитриевка,"[35.993014, 50.774265]"
Ровеньки,"[38.891985, 49.914716]"
Чернянка,"[37.804134, 50.940917]"
Борисовка,"[36.009085, 50.607918]"
Майский,"[36.455233, 50.523238]"
Комаричи,"[34.784097, 52.419009]"
Кокино,"[34.123027, 53.154935]"
Локоть,"[34.577036, 52.560927]"
Климово,"[32.197327, 52.379539]"
Мичуринский,"[34.235424, 53.274777]"
Никологоры,"[41.993895, 56.140479]"
Муромцево,"[40.912063, 55.930907]"
Новоалександрово,"[40.263542, 56.221324]"
Мстера,"[41.926198, 56.375339]"
Новохоперск,"[41.631461, 51.100286]"
Анна,"[40.426317, 51.485932]"
Верхнеозерский,"[40.694024, 51.040032]"
Заброды,"[41.04328, 50.413472]"
Новая Усмань,"[39.410268, 51.643447]"
Слобода,"[40.29351, 51.13569]"
Березово,"[39.354339, 51.932767]"
Северцево,"[41.490928, 57.453514]"
Холуй,"[41.870448, 56.577407]"
Детчино,"[36.310236, 54.80963]"
Анфимово,"[42.703411, 58.726738]"
Караваево,"[41.075457, 57.738662]"
Калиновка,"[34.51118, 51.896474]"
Коммунар,"[37.738602, 51.850795]"
Свобода,"[36.304738, 51.973774]"
Коренево,"[34.893305, 51.409688]"
Медвенка,"[36.109148, 51.419546]"
Пристень,"[36.696521, 51.236366]"
Солнцево,"[36.752594, 51.4118]"
Тим,"[37.122448, 51.621689]"
имени Карла Либкнехта,"[35.479339, 51.623467]"
Конь-Колодезь,"[39.16351, 52.135409]"
Агроном,"[39.020525, 53.040294]"
Тербуны,"[38.279963, 52.147475]"
Добринка,"[40.472221, 52.166741]"
Щелково,"[37.991532, 55.92022]"
Королев,"[37.815211, 55.918953]"
Ивановское,"[37.840112, 55.076278]"
Красная Пойма,"[39.081889, 55.003105]"
Строитель,"[36.058771, 55.498296]"
Ликино-Дулево,"[38.958712, 55.707086]"
Новый Быт,"[37.605122, 55.059817]"
Заболотье,"[37.673618, 55.450149]"
Долгое Ледово,"[37.975596, 55.854966]"
Красково,"[37.98846, 55.658886]"
Электроизолятор,"[38.501137, 55.586237]"
Черкизово,"[38.740413, 55.202234]"
Серебряные Пруды,"[38.727863, 54.474303]"
Богородское,"[38.180097, 56.496115]"
Рыбное,"[37.619782, 56.41525]"
Большие Вяземы,"[36.99442, 55.628586]"
Мещерское,"[37.626385, 55.276052]"
Озеры,"[38.559833, 54.854092]"
Дорохово,"[36.376164, 55.550932]"
Тучково,"[36.47187, 55.600857]"
Федоскино,"[37.58031, 56.052376]"
Шаховская,"[35.510394, 56.031171]"
Орел,"[36.064358, 52.970756]"
Техникумовский,"[36.355844, 52.470514]"
Плещеево,"[36.078327, 53.025965]"
Покровское,"[36.870641, 52.607847]"
Русский Брод,"[37.366394, 52.601361]"
Сосково,"[35.386445, 52.748434]"
Стрелецкий,"[35.973655, 53.011729]"
Кадом,"[42.467244, 54.559078]"
Сараи,"[41.00953, 53.738059]"
Инякино,"[41.113052, 54.434239]"
Авторемзавод,"[31.684901, 54.759711]"
Верхнеднепровский,"[33.344969, 54.981397]"
Козловка,"[32.404604, 54.169706]"
Строитель,"[41.450028, 52.649155]"
Голынщина,"[42.713401, 52.671489]"
Совхоза Селезневский,"[41.168891, 52.817912]"
Турмасово,"[40.549781, 52.946822]"
Инжавино,"[42.4952, 52.318251]"
Сампур,"[41.624571, 52.310873]"
Новиково,"[40.597015, 53.332311]"
Вышний Волочек,"[34.558836, 57.584174]"
Калашниково,"[35.224541, 57.279735]"
Максатиха,"[35.869864, 57.795725]"
Сандово,"[36.410946, 58.462857]"
Красномайский,"[34.414818, 57.62227]"
Селижарово,"[33.451986, 56.855487]"
Селиваново,"[37.253072, 53.991994]"
Щекино,"[37.518165, 54.001574]"
Чернь,"[36.907912, 53.451221]"
Первомайский,"[37.503837, 54.036483]"
Белев,"[36.130097, 53.810152]"
Борисоглебский,"[39.153323, 57.260969]"
Великое,"[39.773924, 57.349073]"
Тихменево,"[38.612043, 57.989723]"
Никольское,"[38.63531, 57.596552]"
Пречистое,"[40.318456, 58.429344]"
Красноборск,"[45.944111, 61.55949]"
Октябрьский,"[43.171829, 61.089321]"
Ломоносово,"[41.73227, 64.229093]"
Березни,"[42.719482, 62.85192]"
Вычегодский,"[46.882679, 61.248149]"
Пинега,"[43.3917, 64.697615]"
Плесецк,"[40.281194, 62.710039]"
Шипицыно,"[46.518745, 61.280907]"
Двинской,"[45.117804, 62.154774]"
Североонежск,"[39.840471, 62.590793]"
Кадуй,"[37.149963, 59.199472]"
Молочное,"[39.676897, 59.289043]"
Кубенское,"[39.67034, 59.433979]"
Сазоново,"[35.22482, 59.097336]"
Шексна,"[38.501353, 59.20654]"
Бор,"[33.792357, 59.473563]"
Мичуринское,"[29.871876, 60.564878]"
Бегуницы,"[29.30494, 59.58506]"
Беседа,"[28.969985, 59.357677]"
Лисино-Корпус,"[30.659806, 59.427952]"
Сиверский,"[30.067071, 59.354888]"
Никель,"[30.210065, 69.410035]"
Ловозеро,"[35.014156, 68.00466]"
Умба,"[34.344183, 66.684763]"
Панковка,"[31.20238, 58.497509]"
Егла,"[33.981992, 58.318262]"
Крестцы,"[32.522822, 58.247673]"
Лычково,"[32.405466, 57.915867]"
Хвойная,"[34.530781, 58.896724]"
Нагорный,"[30.474627, 56.334517]"
Дедовичи,"[29.939717, 57.547341]"
Идрица,"[28.891805, 56.333395]"
Выльгорт,"[50.768369, 61.626965]"
Визинга,"[50.085614, 61.075886]"
Усогорск,"[48.7067, 63.429314]"
Савали,"[50.634835, 56.536356]"
Кумены,"[49.903076, 58.103851]"
Санчурск,"[47.260421, 56.944253]"
Знаменка,"[47.83166, 57.245136]"
Бобино,"[49.764053, 58.69734]"
Свеча,"[47.510162, 58.277721]"
Уни,"[51.48942, 57.755281]"
Красная Поляна,"[51.147413, 56.241819]"
Оричи,"[49.059729, 58.40133]"
Вахруши,"[50.026415, 58.684661]"
Спасское,"[45.695834, 55.858049]"
Большое Болдино,"[45.310861, 55.00359]"
Коленово,"[45.108156, 57.404768]"
Крутцы,"[45.733851, 57.859335]"
Ульяново,"[44.399736, 55.048895]"
Ардатов,"[43.095885, 55.239147]"
Пильна,"[45.919452, 55.55501]"
Починки,"[44.861964, 54.697714]"
Волжский,"[44.571503, 56.046519]"
Семенов,"[44.49034, 56.789017]"
Сеченово,"[45.888676, 55.224449]"
Сокольское,"[43.159746, 57.141617]"
Шатки,"[44.127987, 55.188041]"
Сосновское,"[43.168307, 55.804369]"
Красные Баки,"[45.166619, 57.127364]"
Вад,"[44.20923, 55.531468]"
Гагино,"[45.031323, 55.230513]"
Тонкино,"[46.457444, 57.372544]"
Шаранга,"[46.544365, 57.177128]"
Подгородняя Покровка,"[54.97615, 51.831971]"
Акбулак,"[55.619263, 51.004293]"
Ташла,"[52.743055, 51.768076]"
Шарлык,"[54.741348, 52.925998]"
Адамовка,"[59.93582, 51.51975]"
Новоорск,"[58.986337, 51.382956]"
Энергетик,"[58.795813, 51.743663]"
Илек,"[53.375154, 51.531814]"
Плешаново,"[53.488926, 52.845213]"
Кичкасс,"[54.407956, 52.31639]"
Чебеньки,"[55.703965, 51.93772]"
Покровка,"[53.874707, 51.98986]"
Саракташ,"[56.357759, 51.782136]"
Первомайский,"[51.641055, 51.903798]"
Мокшан,"[44.608109, 53.440114]"
Сосновоборск,"[46.247184, 53.299168]"
Беково,"[43.707737, 52.458964]"
Русский Камешкир,"[46.087536, 52.860048]"
Колышлей,"[44.530944, 52.697617]"
Лунино,"[45.227605, 53.595382]"
Шемышейка,"[45.397881, 52.889919]"
Очер,"[54.716096, 57.885268]"
Садоягодное,"[56.962909, 57.348626]"
Зюкайка,"[54.711722, 58.204913]"
Барда,"[55.591451, 56.927192]"
Большая Соснова,"[54.603879, 57.66799]"
Елово,"[54.923095, 57.053872]"
Куеда,"[55.591352, 56.430106]"
Снежное,"[57.179502, 56.503155]"
Уинское,"[56.585724, 56.879555]"
Ильинский,"[55.683142, 58.572666]"
Карагай,"[54.928422, 58.266211]"
Частые,"[54.971649, 57.291711]"
Михайловка,"[55.889629, 54.807658]"
Исянгулово,"[56.573839, 52.192177]"
Ким,"[54.612188, 53.897122]"
Верхнеяркеево,"[54.306914, 55.451624]"
Аскино,"[56.578753, 56.085555]"
Каран,"[55.917054, 52.926812]"
Дуван,"[57.903068, 55.699416]"
Кушнаренково,"[55.33297, 55.1012]"
Месягутово,"[58.244463, 55.533919]"
Мишкино,"[55.964081, 55.532497]"
Наумовка,"[55.91709, 53.519964]"
Субханкулово,"[53.808277, 54.556175]"
Новобелокатай,"[58.959199, 55.70771]"
Большеустьикинское,"[58.267272, 55.949627]"
Верхние Киги,"[58.600241, 55.407627]"
Малояз,"[58.155889, 55.179724]"
Чишмы,"[55.380266, 54.589336]"
Иглино,"[56.416176, 54.834496]"
Бакалы,"[53.801935, 55.175987]"
Чекмагуш,"[54.651759, 55.139725]"
Ермекеево,"[53.670116, 54.076978]"
Языково,"[55.010151, 54.688769]"
Абзелилово,"[58.661183, 53.467766]"
Старосубхангулово,"[57.441612, 53.102183]"
Ургаза,"[58.619007, 52.344617]"
Маячный,"[55.684974, 52.686635]"
Мраково,"[56.621163, 52.715502]"
Прогресс,"[54.721783, 56.24402]"
Петровское,"[56.387592, 53.616875]"
Стерлибашево,"[55.262353, 53.439267]"
Шаран,"[54.005781, 54.820052]"
Механизаторов,"[46.756502, 56.417621]"
Медведево,"[47.803309, 56.633293]"
Морки,"[48.998733, 56.428897]"
Вятское,"[48.521458, 56.778016]"
Параньга,"[49.40249, 56.706612]"
Мари-Турек,"[49.622164, 56.788707]"
Красный Яр,"[48.021312, 56.033435]"
Оршанка,"[47.893787, 56.91632]"
Ежово,"[48.120531, 56.71296]"
Русское Тювеево,"[43.251357, 54.661245]"
Комсомольский,"[45.827967, 54.440497]"
Атяшево,"[46.077537, 54.588027]"
Зубова Поляна,"[42.836012, 54.076286]"
Рождествено,"[45.300665, 54.683564]"
Кемля,"[45.244063, 54.695216]"
Преображенский,"[43.825632, 54.381753]"
Торбеево,"[43.245958, 54.074511]"
Теньгушево,"[42.720156, 54.768729]"
Алексеевское,"[50.107272, 55.303248]"
Урняк,"[50.003193, 56.233169]"
Большая Атня,"[49.451978, 56.250707]"
Старое Дрожжаное,"[47.56309, 54.724235]"
Яныль,"[50.578519, 56.253447]"
Совхоз Мамадышский,"[51.385494, 55.707699]"
Рыбная Слобода,"[50.140339, 55.463156]"
Богатые Сабы,"[50.443484, 56.008269]"
Черемшан,"[51.505616, 54.654704]"
Лубяны,"[51.398268, 56.039862]"
Жигулевск,"[49.494657, 53.40172]"
Надеждино,"[50.373479, 54.117218]"
Авангард,"[51.271542, 52.619805]"
Безенчук,"[49.433212, 52.984398]"
Богатое,"[51.339994, 53.059824]"
Большая Глушица,"[50.471907, 52.392769]"
Борское,"[51.698871, 53.025456]"
Красноармейское,"[50.034823, 52.710292]"
Красный Яр,"[50.389343, 53.498062]"
Камышла,"[52.1428, 54.112985]"
Обшаровка,"[48.864659, 53.119065]"
Пестравка,"[49.962167, 52.40377]"
Домашка,"[50.773534, 52.985211]"
Сергиевск,"[51.166493, 53.941405]"
Усолье,"[49.058318, 53.392458]"
Кинель-Черкассы,"[51.519325, 53.464057]"
Хворостянка,"[48.964929, 52.615344]"
Усть-Кинельский,"[50.56791, 53.265768]"
Рождествено,"[50.060461, 53.228924]"
Шентала,"[51.466315, 54.433658]"
Базарный Карабулак,"[46.408495, 52.279892]"
Октябрьский Городок,"[45.454861, 51.636063]"
Александров Гай,"[48.585724, 50.143774]"
Ивантеевка,"[49.100323, 52.265172]"
Горный,"[48.538553, 51.756147]"
Питерка,"[47.44436, 50.677109]"
Пугачев,"[48.812036, 52.0119]"
Новые Бурасы,"[46.076468, 52.12972]"
Степное,"[46.844169, 51.377801]"
Асановский Совхоз-техникум,"[52.574899, 56.070087]"
Дебесы,"[53.806112, 57.651427]"
Кизнер,"[51.50762, 56.286348]"
Яр,"[52.105565, 58.245812]"
Сигаево,"[53.777519, 56.423456]"
Ува,"[52.18768, 56.982882]"
Кез,"[53.711933, 57.895539]"
Старая Кулатка,"[47.621984, 52.730376]"
Павловка,"[47.135753, 52.691013]"
Большое Нагаткино,"[47.97415, 54.515946]"
Жадовка,"[46.953368, 53.572787]"
Карсун,"[46.980766, 54.200786]"
Николаевка,"[47.207986, 53.129051]"
Рязаново,"[49.410826, 53.985255]"
Старая Майна,"[48.925835, 54.606674]"
Сурское,"[46.723381, 54.480115]"
Радищево,"[47.866586, 52.851892]"
Батырево,"[47.604449, 55.067489]"
Вурнары,"[46.953431, 55.490871]"
Трусово,"[47.952645, 46.346121]"
Володарский,"[48.542964, 46.402373]"
Енотаевка,"[47.035447, 47.244405]"
Красные Баррикады,"[47.858618, 46.204584]"
Лиман,"[47.223824, 45.781843]"
Кулаковский Промузел,"[48.063434, 46.321026]"
Красный Яр,"[48.349233, 46.534259]"
Пригородный,"[43.653308, 49.793212]"
Светлый Яр,"[44.78002, 48.475809]"
Елань,"[43.734686, 50.950094]"
Арчединского Лесхоза,"[43.461922, 49.786751]"
Быково,"[45.388377, 49.765459]"
Даниловка,"[44.118366, 50.36076]"
Серп и Молот,"[42.492235, 50.851121]"
Клетская,"[43.061102, 49.31469]"
Рудня,"[44.556384, 50.801559]"
Севастополь,"[33.525135, 44.616495]"
Кущевская,"[39.628191, 46.565699]"
Брюховецкая,"[38.997295, 45.802003]"
Красное Поле,"[40.693691, 44.894224]"
Стародеревянковская,"[38.965809, 46.125839]"
Ленинградская,"[39.392886, 46.320553]"
Белая Глина,"[40.871333, 46.073671]"
Венцы,"[40.833316, 45.374691]"
Вознесенская,"[41.029275, 44.548519]"
Платнировская,"[39.389104, 45.391637]"
Северская,"[38.677027, 44.851631]"
Ладожская,"[39.932189, 45.30776]"
Прочноокопская,"[41.116762, 45.065055]"
Кубанский,"[40.58009, 45.92922]"
Новолеушковская,"[39.987768, 46.000141]"
Тимашевск,"[38.933973, 45.6142]"
Успенское,"[41.392473, 44.830917]"
Ахтырский,"[38.299825, 44.85036]"
Динская,"[39.223068, 45.218577]"
Староминская,"[39.062629, 46.538766]"
Парковый,"[40.146869, 45.838031]"
Старощербиновская,"[38.666787, 46.633433]"
Выселки,"[39.655419, 45.580045]"
Веселовка,"[36.904615, 45.129184]"
Каневская,"[38.971953, 46.084805]"
Полтавская,"[38.211476, 45.366801]"
Мостовской,"[40.790278, 44.414363]"
Тбилисская,"[40.201774, 45.364528]"
Ильский,"[38.561998, 44.835941]"
Агой,"[39.040225, 44.146911]"
Ванновское,"[40.230511, 45.322477]"
Трудобеликовский,"[38.150516, 45.266193]"
Дондуковская,"[40.362563, 44.87725]"
Красногвардейское,"[39.589635, 45.143718]"
Новосевастопольское,"[39.706093, 45.06191]"
Яблоновский,"[38.936362, 44.981285]"
Приютное,"[43.512353, 46.100349]"
Евпатория,"[33.367643, 45.190635]"
Симферополь,"[34.100327, 44.948237]"
Ялта,"[34.169506, 44.497415]"
Краснолесье,"[34.230448, 44.832119]"
Армянск,"[33.691315, 46.110727]"
Бахчисарай,"[33.848035, 44.744997]"
Белогорск,"[34.599916, 45.058059]"
Джанкой,"[34.392872, 45.713348]"
Керчь,"[36.467378, 45.356219]"
Красногвардейское,"[34.294587, 45.494852]"
Пруды,"[165.889368, 67.396381]"
Саки,"[33.600154, 45.132013]"
Феодосия,"[35.383911, 45.026654]"
Чапаевка,"[34.894698, 45.28087]"
Приморский,"[35.488098, 45.115886]"
Массандра,"[34.186035, 44.514701]"
Алушта,"[34.410129, 44.676411]"
Калиновка,"[35.746525, 45.321463]"
Ленино,"[35.772954, 45.298435]"
Маленькое,"[34.001, 45.076061]"
Прибрежное,"[33.520419, 45.145117]"
Судак,"[34.976157, 44.850532]"
Советский,"[34.929005, 45.340396]"
Коксовый,"[40.64821, 48.198146]"
Шолоховский,"[41.046505, 48.282732]"
Вешенская,"[41.728371, 49.631712]"
Зимовники,"[42.46772, 47.145376]"
Казанская,"[41.137046, 49.794468]"
Каргинская,"[41.637632, 49.353477]"
Озерный,"[41.886672, 48.361897]"
Орловский,"[42.053031, 46.872893]"
Тарасовский,"[40.356095, 48.727189]"
Дубовское,"[42.771001, 47.41226]"
Митякинская,"[39.785926, 48.609866]"
Качкан,"[40.282065, 47.776403]"
Средний Егорлык,"[40.818818, 46.366877]"
Жирнов,"[41.124739, 48.17071]"
Гигант,"[41.337999, 46.508246]"
Егорлыкская,"[40.660867, 46.565222]"
Старый Черек,"[43.853336, 43.469343]"
Учебное,"[43.929432, 43.779455]"
Эркен-Шахар,"[41.959382, 44.372464]"
Первомайское,"[42.481536, 43.938113]"
Зеленчукская,"[41.582835, 43.860901]"
Владикавказ,"[44.681771, 43.024616]"
Черноярская,"[44.34687, 43.692884]"
Моздок,"[44.653887, 43.735433]"
Эльхотово,"[44.205206, 43.341351]"
Михайловское,"[44.62975, 43.099153]"
Чикола,"[43.920593, 43.194884]"
Московское,"[41.918652, 45.284999]"
Григорополисская,"[41.055434, 45.301865]"
Курсавка,"[42.503563, 44.459468]"
Новотроицкая,"[41.534712, 45.372392]"
Прасковея,"[44.202466, 44.744696]"
Александровское,"[43.005048, 44.710525]"
Буденновск,"[44.165024, 44.781528]"
Кочубеевское,"[41.82423, 44.690728]"
Ойсхара,"[46.249762, 43.262792]"
Калиновская,"[45.521372, 43.574286]"
Бачи-Юрт,"[46.194938, 43.220978]"
Побединское,"[45.438386, 43.401471]"
Серноводск,"[51.255759, 53.921982]"
Ножай-Юрт,"[46.376955, 43.096421]"
Варгаши,"[65.815761, 55.375496]"
Красный Октябрь,"[64.811292, 55.652695]"
Мишкино,"[63.914342, 55.337307]"
Лебяжье,"[66.494609, 55.273559]"
Каргаполье,"[64.434404, 55.952389]"
Мокроусово,"[66.770248, 55.808488]"
Частоозерье,"[67.907299, 55.568334]"
Чаши,"[64.87544, 55.898997]"
Шатрово,"[64.633066, 56.519705]"
Шмаково,"[64.860888, 55.191192]"
Юргамыш,"[64.455963, 55.374979]"
Зайково,"[62.721712, 57.535294]"
Артемовский,"[61.895513, 57.337669]"
Арти,"[58.532544, 56.416794]"
Баранчинский,"[59.696581, 58.162281]"
Белоярский,"[61.393211, 56.750981]"
Березовский,"[60.816457, 56.909583]"
Верхние Серги,"[59.558932, 56.649241]"
Туринская Слобода,"[64.387467, 57.618062]"
Верхняя Синячиха,"[61.662355, 57.98102]"
Рефтинский,"[61.680142, 57.088988]"
Лая,"[59.927223, 58.057688]"
Петрокаменское,"[60.635635, 57.717003]"
Ачит,"[57.898387, 56.796525]"
Бисерть,"[59.050629, 56.862243]"
Тугулым,"[64.640486, 57.058742]"
Пышма,"[63.238566, 56.95087]"
Голышманово,"[68.375385, 56.396005]"
Ханты-Мансийск,"[69.018911, 61.003184]"
Игрим,"[64.421944, 63.196228]"
Междуреченский,"[65.900364, 59.596753]"
Советский,"[63.566802, 61.370766]"
Озерск,"[60.707608, 55.763189]"
Первомайский,"[61.174696, 54.865622]"
Аргаяш,"[60.877695, 55.490728]"
Бреды,"[60.337259, 52.422348]"
Варна,"[60.983202, 53.383575]"
Кизильское,"[58.899641, 52.722801]"
Снежный,"[60.019004, 52.861494]"
Трехгорный,"[58.44662, 54.814652]"
Уйское,"[60.004506, 54.376919]"
Фершампенуаз,"[59.810829, 53.52044]"
Октябрьское,"[62.728988, 54.412296]"
Мирный,"[61.733762, 55.251501]"
Долгодеревенское,"[61.338638, 55.344183]"
Родино,"[80.210491, 52.496197]"
Троицкое,"[84.678325, 52.98211]"
Степное Озеро,"[79.854237, 52.779766]"
Сросты,"[81.013827, 51.886953]"
Павловск,"[82.98951, 53.313535]"
Ребриха,"[82.338851, 53.074537]"
Смоленское,"[85.0813, 52.302674]"
Тальменка,"[83.569229, 53.817308]"
Благовещенка,"[79.868718, 52.833975]"
Бочкари,"[85.764433, 52.884926]"
Ключи,"[79.168041, 52.253089]"
Гальбштадт,"[78.991468, 53.226703]"
Усть-Калманка,"[83.312957, 52.124258]"
Косиха,"[84.579986, 53.361355]"
Михайловское,"[79.721223, 51.820014]"
имени Мамонтова,"[81.71843, 51.932656]"
Романово,"[81.22132, 52.617668]"
Тогул,"[85.909664, 53.467482]"
Алтайское,"[85.338182, 51.952237]"
Первомайское,"[84.020812, 53.723059]"
Залесово,"[84.747288, 53.989728]"
Хлопуново,"[82.019545, 52.072413]"
Оек,"[104.455966, 52.586596]"
Балаганск,"[103.057523, 54.006183]"
Залари,"[102.497064, 53.553443]"
Железнодорожный,"[102.786744, 57.903765]"
Бохан,"[103.78117, 53.154006]"
Усть-Ордынский,"[104.753641, 52.805121]"
Чунский,"[99.6619, 56.088298]"
Юрты,"[97.63178, 56.049269]"
Центральный Хазан,"[101.855676, 53.893917]"
Молодежный,"[104.417761, 52.232653]"
Жигалово,"[105.149295, 54.808483]"
Качуг,"[105.880299, 53.963315]"
Тайтурка,"[103.456429, 52.867153]"
Магистральный,"[107.453312, 56.177887]"
Улькан,"[107.793846, 55.908555]"
Металлплощадка,"[86.195319, 55.320273]"
Тяжинский,"[88.517194, 56.110731]"
Инской,"[86.42845, 54.433213]"
Березовский,"[86.274523, 55.669361]"
Киселевск,"[86.636688, 54.006025]"
Калининский,"[87.638238, 56.195024]"
Школьный,"[86.825819, 54.002019]"
Емельяново,"[92.686617, 56.168651]"
Балахта,"[91.626039, 55.381623]"
Ирша,"[94.799841, 55.927644]"
Кулун,"[89.783666, 55.332673]"
Шушенское,"[91.935643, 53.333763]"
Тура,"[100.20778, 64.270386]"
Краснотуранск,"[91.567756, 54.317175]"
Байкит,"[96.377965, 61.678423]"
Березовка,"[93.126603, 56.037136]"
Богучаны,"[97.445128, 58.379901]"
Георгиевка,"[95.416274, 56.51454]"
Дзержинское,"[95.224762, 56.839666]"
Ермаковское,"[92.391341, 53.27579]"
Заозерный,"[94.709228, 55.961818]"
Козулька,"[91.391983, 56.165469]"
Кошурниково,"[93.380709, 54.307836]"
Малиновка,"[90.574929, 56.279127]"
Нижняя Пойма,"[97.203436, 56.164336]"
Новобирилюссы,"[90.680679, 56.951499]"
Новоселово,"[90.972676, 54.999676]"
Раздолинск,"[94.6206, 58.417624]"
Тасеево,"[94.896383, 57.210704]"
Ванавара,"[102.283418, 60.344273]"
Ордынское,"[81.899575, 54.367147]"
Венгерово,"[76.747827, 55.684193]"
Здвинск,"[78.661858, 54.702484]"
Колывань,"[82.738934, 55.30851]"
Агролес,"[83.140804, 54.758106]"
Маслянино,"[84.210671, 54.345142]"
Седельниково,"[75.302348, 56.943634]"
Большеречье,"[74.639032, 56.095328]"
Колосовка,"[73.607451, 56.461795]"
Муромцево,"[75.245691, 56.376515]"
Буняковка,"[73.162022, 54.128689]"
Новоомский,"[73.301, 54.841371]"
Павлоградка,"[73.563533, 54.203372]"
Полтавка,"[71.765635, 54.366424]"
Русская Поляна,"[73.878374, 53.778852]"
Усть-Заостровка,"[73.603229, 54.765597]"
Саргатское,"[73.500237, 55.609731]"
Тевриз,"[72.404652, 57.516669]"
Кормиловка,"[74.100267, 55.002914]"
Горьковское,"[74.364911, 55.371864]"
Нижняя Омка,"[74.93782, 55.432822]"
Нововаршавка,"[74.692374, 54.174323]"
Усовка,"[72.651527, 54.913898]"
Черлак,"[74.795671, 54.151976]"
Сосновское,"[73.161366, 54.598439]"
Знаменское,"[73.826155, 57.127345]"
Таврическое,"[73.638021, 54.584469]"
Майма,"[85.902082, 52.004765]"
Усть-Кокса,"[85.616076, 50.268979]"
Тоора-Хем,"[96.114651, 52.463513]"
Тээли,"[90.202452, 51.015259]"
Балгазын,"[95.171761, 50.998047]"
Сарыг-Сеп,"[95.548012, 51.491798]"
Шира,"[89.962817, 54.487197]"
Таштып,"[89.892434, 52.801032]"
Аскиз,"[90.533786, 53.131974]"
Копьево,"[89.824063, 54.996061]"
Усть-Абакан,"[91.394265, 53.832917]"
Бея,"[90.920592, 53.045567]"
Кривошеино,"[83.930154, 57.343852]"
Кожевниково,"[83.968862, 56.259493]"
Молчаново,"[83.767613, 57.581389]"
Мельниково,"[84.079849, 56.55621]"
Александровское,"[77.868475, 60.426124]"
Парабель,"[81.489871, 58.703203]"
Первомайское,"[86.234952, 57.073198]"
Подгорное,"[82.649588, 57.790175]"
Белый Яр,"[85.047236, 58.442558]"
Зырянское,"[86.625504, 56.829069]"
Константиновка,"[127.989653, 49.614986]"
Амурзет,"[131.095336, 47.693379]"
Ленинское,"[132.622013, 47.932641]"
Известковый,"[131.547062, 48.987639]"
Агинское,"[114.541747, 51.107514]"
Первомайский,"[115.63833, 51.669294]"
Приаргунск,"[119.091867, 50.364805]"
Красный Чикой,"[108.755618, 50.363943]"
Мангут,"[112.672713, 49.695882]"
Ясногорск,"[115.692013, 50.87397]"
Чернышевск,"[117.017127, 52.524753]"
Палана,"[159.951307, 59.082834]"
Усть-Камчатск,"[162.536137, 56.239683]"
Артем,"[132.180339, 43.353047]"
Спасское,"[132.797005, 44.614493]"
Кавалерово,"[135.057292, 44.267653]"
Лазо,"[133.649533, 45.87507]"
Черниговка,"[132.585012, 44.335693]"
Кировский,"[133.498841, 45.091914]"
Чугуевка,"[133.860072, 44.158533]"
Славянка,"[131.385581, 42.865001]"
Покровка,"[131.635555, 43.950906]"
Ярославский,"[132.225012, 44.185359]"
Ольга,"[135.292875, 43.745326]"
Камень-Рыболов,"[132.042187, 44.740061]"
Селенгинск,"[106.862616, 52.005386]"
Новоильинск,"[108.707621, 51.68243]"
Гусиноозерск,"[106.529323, 51.285526]"
Петропавловка,"[105.317631, 50.610055]"
Иволгинск,"[107.275536, 51.745927]"
Багдарин,"[113.592031, 54.443937]"
Кижинга,"[109.906144, 51.848876]"
Могойто,"[110.45912, 54.382115]"
Мухоршибирь,"[107.823679, 51.047343]"
Сосново-Озерское,"[111.537763, 52.528637]"
Тарбагатай,"[107.360543, 51.481641]"
Татаурово,"[107.438382, 52.140704]"
Тунка,"[102.542276, 51.743351]"
Кырен,"[102.13057, 51.682491]"
Усть-Баргузин,"[109.028993, 53.414736]"
Хоронхой,"[106.148195, 50.474158]"
Намцы,"[129.661588, 62.719327]"
Черский,"[161.323816, 68.755809]"
Хандыга,"[135.563053, 62.653533]"
Жатай,"[129.841386, 62.163942]"
Маар,"[120.358159, 63.433869]"
Олекминск,"[120.403084, 60.372981]"
Сангар,"[127.466429, 63.923465]"
Хоногор,"[130.120367, 62.4684]"
Тикси,"[128.870855, 71.639263]"
Нижний Бестях,"[129.907763, 61.95847]"
Сунтар,"[117.647601, 62.160619]"
Чурапча,"[132.440572, 61.996629]"
Пеледуй,"[112.751441, 59.631696]"
Айхал,"[111.502199, 65.942105]"
Светлый,"[113.426974, 63.049927]"
Октемцы,"[129.425358, 61.674138]"
Тюнгюлю,"[130.713201, 62.192133]"
Шахтерск,"[142.105133, 49.159794]"
Горнозаводск,"[141.846759, 46.560619]"
Ванино,"[140.256337, 49.09088]"
Солнечный,"[136.641983, 50.723258]"
Чегдомын,"[133.035948, 51.133904]"
Хор,"[134.963041, 47.885839]"
Эгвекинот,"[177.339555, 68.08756]"
Провидения,"[-173.21892, 64.427407]"
