,city,8,15,26,27,coordinates
0,Абаза,55.0,55.0,,,"[90.088581, 52.651662]"
1,Абакан,3093.0,531.0,,,"[91.442396, 53.721152]"
2,Абзелилово,,63.0,,,"[58.661183, 53.467766]"
3,Авторемзавод,,116.0,,,"[31.684901, 54.759711]"
4,Агидель,94.0,,,,"[53.933439, 55.899043]"
5,Агроном,74.0,77.0,,,"[39.020525, 53.040294]"
6,Азнакаево,,57.0,,,"[53.079923, 54.858233]"
7,Азов,65.0,797.0,,212.0,"[39.423581, 47.112448]"
8,Айхал,,51.0,,,"[111.502199, 65.942105]"
9,Ак-Довурак,,87.0,,,"[90.601061, 51.19084]"
10,Акбулак,,60.0,,,"[55.619263, 51.004293]"
11,Аксай,80.0,68.0,,,"[39.862283, 47.269914]"
12,Алапаевск,113.0,105.0,,,"[61.694524, 57.852511]"
13,Алатырь,340.0,99.0,,,"[46.591949, 54.840526]"
14,Алдан,101.0,100.0,,,"[125.388878, 58.608597]"
15,Алейск,71.0,67.0,,,"[82.779457, 52.492167]"
16,Александров,101.0,100.0,,,"[38.727621, 56.397774]"
17,Александров Гай,,64.0,,,"[48.585724, 50.143774]"
18,Александровск,41.0,40.0,,,"[57.584669, 59.16293]"
19,Александровск-Сахалинский,53.0,,,,"[142.158915, 50.895768]"
20,Александровское,87.0,,,,"[43.005048, 44.710525]"
21,Александровское,87.0,,,,"[77.868475, 60.426124]"
22,Алексеевка,,68.0,,,"[38.686568, 50.630035]"
23,Алексин,,248.0,,,"[37.066034, 54.502429]"
24,Алтайское,,102.0,,,"[85.338182, 51.952237]"
25,Альметьевск,559.0,2633.0,,353.0,"[52.29723, 54.901171]"
26,Амурск,,57.0,,,"[136.910607, 50.226797]"
27,Анадырь,6.0,,,,"[177.518913, 64.735814]"
28,Анапа,490.0,,,,"[37.316367, 44.894818]"
29,Ангарск,1146.0,1502.0,,,"[103.888249, 52.544358]"
30,Анжеро-Судженск,,144.0,,,"[86.018216, 56.08318]"
31,Апатиты,49.0,52.0,,,"[33.407187, 67.568023]"
32,Апшеронск,,270.0,,,"[39.727095, 44.465535]"
33,Аргун,,157.0,,,"[45.867439, 43.292662]"
34,Арзамас,96.0,2192.0,,,"[43.814133, 55.386799]"
35,Армавир,1368.0,546.0,,,"[41.129644, 44.997655]"
36,Армянск,,147.0,,,"[33.691315, 46.110727]"
37,Арсеньев,98.0,189.0,,30.0,"[133.268729, 44.163345]"
38,Арск,202.0,,,,"[49.876998, 56.091316]"
39,Артем,379.0,192.0,,,"[132.180339, 43.353047]"
40,Артемовский,138.0,65.0,,,"[61.895513, 57.337669]"
41,Арти,23.0,21.0,,,"[58.532544, 56.416794]"
42,Архангельск,6718.0,2078.0,1172.0,455.0,"[40.515762, 64.539911]"
43,Асбест,99.0,92.0,,,"[61.461474, 57.014317]"
44,Асино,,67.0,,,"[86.153906, 56.997519]"
45,Аскиз,88.0,,,,"[90.533786, 53.131974]"
46,Астрахань,4507.0,4443.0,10357.0,,"[48.030178, 46.347614]"
47,Аткарск,,60.0,,,"[45.003655, 51.877724]"
48,Атяшево,,19.0,,,"[46.077537, 54.588027]"
49,Ахтубинск,63.0,,54.0,,"[46.164422, 48.284884]"
50,Ахтырский,122.0,120.0,,,"[38.299825, 44.85036]"
51,Ачинск,109.0,467.0,,,"[90.49524, 56.269501]"
52,Байкальск,,50.0,,,"[104.149928, 51.522826]"
53,Баймак,162.0,218.0,,,"[58.308136, 52.597811]"
54,Бакал,,39.0,,,"[58.80918, 54.938064]"
55,Бакалы,88.0,,,,"[53.801935, 55.175987]"
56,Баксан,,90.0,,,"[43.534622, 43.681946]"
57,Балаково,1115.0,618.0,78.0,566.0,"[47.819676, 52.01843]"
58,Балахна,69.0,208.0,,,"[43.601331, 56.504919]"
59,Балашиха,148.0,128.0,,,"[37.938118, 55.797007]"
60,Балашов,124.0,213.0,,,"[43.146478, 51.554601]"
61,Барабинск,197.0,,,,"[78.341923, 55.350412]"
62,Баранчинский,50.0,46.0,,,"[59.696581, 58.162281]"
63,Барда,27.0,26.0,,,"[55.591451, 56.927192]"
64,Барнаул,8072.0,5064.0,,1249.0,"[83.776856, 53.346785]"
65,Барыш,,51.0,,,"[47.118038, 53.653474]"
66,Батайск,140.0,119.0,,,"[39.744469, 47.138333]"
67,Батырево,62.0,,,,"[47.604449, 55.067489]"
68,Бахчисарай,462.0,113.0,,,"[33.848035, 44.744997]"
69,Бегуницы,,56.0,,,"[29.30494, 59.58506]"
70,Бежецк,,88.0,,,"[36.693188, 57.781318]"
71,Безенчук,77.0,,,,"[49.433212, 52.984398]"
72,Белая Калитва,122.0,142.0,,,"[40.802388, 48.177644]"
73,Белая Холуница,,29.0,,,"[50.85273, 58.84356]"
74,Белгород,3673.0,8799.0,,2208.0,"[36.587277, 50.595414]"
75,Белебей,1218.0,271.0,,,"[54.110111, 54.103214]"
76,Белово,2.0,173.0,,189.0,"[86.303701, 54.42212]"
77,Белорецк,56.0,359.0,,120.0,"[58.410023, 53.967621]"
78,Белореченск,88.0,87.0,,,"[39.86849, 44.766017]"
79,Белоярский,126.0,129.0,,,"[66.667597, 63.716043]"
80,Белоярский,126.0,129.0,,,"[61.393211, 56.750981]"
81,Белый Яр,,14.0,,,"[85.047236, 58.442558]"
82,Бердск,202.0,173.0,,,"[83.107135, 54.758288]"
83,Березники,493.0,1556.0,,,"[56.806719, 59.407024]"
84,Березовка,,106.0,,,"[93.126603, 56.037136]"
85,Березовский,87.0,188.0,,,"[60.816457, 56.909583]"
86,Березовский,87.0,188.0,,,"[86.274523, 55.669361]"
87,Беседа,149.0,,,,"[28.969985, 59.357677]"
88,Бийск,983.0,1203.0,,,"[85.220656, 52.541811]"
89,Билибино,12.0,,,,"[166.451139, 68.057129]"
90,Биробиджан,242.0,,,,"[132.924746, 48.78992]"
91,Бирск,134.0,,,,"[55.530716, 55.417531]"
92,Бирюч,,66.0,,79.0,"[38.40023, 50.649337]"
93,Бисерть,,19.0,,,"[59.050629, 56.862243]"
94,Благовещенка,,57.0,,,"[79.868718, 52.833975]"
95,Благовещенск,5241.0,1696.0,396.0,91.0,"[55.955224, 55.049854]"
96,Благовещенск,5241.0,1696.0,396.0,91.0,"[127.534611, 50.257456]"
97,Благодарный,102.0,106.0,,,"[43.44003, 45.095656]"
98,Богатое,26.0,,,,"[51.339994, 53.059824]"
99,Богатые Сабы,41.0,,,,"[50.443484, 56.008269]"
100,Богданович,,73.0,,,"[62.057129, 56.773977]"
101,Богородицк,,69.0,,,"[38.131696, 53.770699]"
102,Богородск,83.0,90.0,,,"[43.516764, 56.103362]"
103,Боготол,241.0,,,,"[89.531222, 56.211523]"
104,Болохово,,105.0,,,"[37.826799, 54.082113]"
105,Большая Атня,51.0,,,,"[49.451978, 56.250707]"
106,Большая Глушица,,31.0,,,"[50.471907, 52.392769]"
107,Большеречье,,48.0,,,"[74.639032, 56.095328]"
108,Большеустьикинское,29.0,,,,"[58.267272, 55.949627]"
109,Большой Камень,147.0,152.0,141.0,131.0,"[132.350345, 43.111725]"
110,Бор,158.0,163.0,87.0,,"[44.064575, 56.356522]"
111,Бор,158.0,163.0,87.0,,"[33.792357, 59.473563]"
112,Борисовка,,86.0,,,"[36.009085, 50.607918]"
113,Борисоглебск,1715.0,855.0,,,"[42.075183, 51.366308]"
114,Боровичи,379.0,107.0,,,"[33.910459, 58.390115]"
115,Борское,,35.0,,,"[51.698871, 53.025456]"
116,Братск,2438.0,1505.0,,588.0,"[101.633505, 56.151682]"
117,Бреды,,64.0,,,"[60.337259, 52.422348]"
118,Бронницы,,182.0,,,"[38.264243, 55.42565]"
119,Брюховецкая,287.0,,,,"[38.997295, 45.802003]"
120,Брянск,6998.0,8811.0,,2190.0,"[34.363991, 53.2434]"
121,Бугульма,215.0,798.0,,,"[52.798634, 54.541877]"
122,Бугуруслан,88.0,295.0,,,"[52.432606, 53.6523]"
123,Буденновск,86.0,90.0,,,"[44.165024, 44.781528]"
124,Бузулук,1158.0,,,,"[52.263292, 52.787097]"
125,Буинск,159.0,,,,"[48.290151, 54.964158]"
126,Буй,96.0,133.0,,,"[41.533113, 58.481724]"
127,Буйнакск,,181.0,,,"[47.115927, 42.821755]"
128,Бутурлиновка,,178.0,,,"[40.584825, 50.835367]"
129,Вад,199.0,,,,"[44.20923, 55.531468]"
130,Валдай,,17.0,,,"[33.246406, 57.98069]"
131,Валуйки,,94.0,,,"[38.100111, 50.211332]"
132,Ванино,,72.0,,,"[140.256337, 49.09088]"
133,Ванновское,29.0,29.0,,,"[40.230511, 45.322477]"
134,Варгаши,,39.0,,,"[65.815761, 55.375496]"
135,Варна,,34.0,,,"[60.983202, 53.383575]"
136,Вейделевка,50.0,,,,"[38.444499, 50.151497]"
137,Великие Луки,641.0,211.0,,,"[30.515671, 56.343703]"
138,Великий Новгород,1515.0,1450.0,,60.0,"[31.269816, 58.522857]"
139,Великий Устюг,97.0,96.0,281.0,,"[46.297849, 60.761156]"
140,Вельск,135.0,,,,"[42.10331, 61.065915]"
141,Верещагино,140.0,,,,"[54.658092, 58.079766]"
142,Верхнеднепровский,51.0,55.0,,,"[33.344969, 54.981397]"
143,Верхнеяркеево,,54.0,,,"[54.306914, 55.451624]"
144,Верхние Киги,30.0,27.0,,,"[58.600241, 55.407627]"
145,Верхние Серги,,54.0,,,"[59.558932, 56.649241]"
146,Верхний Уфалей,,37.0,,,"[60.221107, 56.054673]"
147,Верхняя Пышма,30.0,1044.0,,,"[60.573462, 56.970236]"
148,Верхняя Салда,,403.0,,,"[60.546253, 58.050898]"
149,Верхняя Тура,41.0,38.0,,,"[59.820153, 58.359818]"
150,Веселовка,17.0,,,,"[36.904615, 45.129184]"
151,Вилючинск,,,26.0,,"[158.405063, 52.93179]"
152,Вичуга,,71.0,,,"[41.918158, 57.217138]"
153,Владивосток,6366.0,6346.0,10898.0,2324.0,"[131.885494, 43.115542]"
154,Владикавказ,4058.0,2404.0,,546.0,"[44.681771, 43.024616]"
155,Владикавказ,4058.0,2404.0,,546.0,"[44.681771, 43.024616]"
156,Владимир,6538.0,3989.0,,2129.0,"[40.406635, 56.129057]"
157,Вознесенская,114.0,112.0,,,"[41.029275, 44.548519]"
158,Волгоград,3185.0,8716.0,450.0,3159.0,"[44.516975, 48.707067]"
159,Волгодонск,2411.0,2134.0,,474.0,"[42.206329, 47.519624]"
160,Волжск,204.0,120.0,,,"[48.378168, 55.860428]"
161,Волжский,1371.0,2238.0,201.0,695.0,"[44.751229, 48.786127]"
162,Волжский,1371.0,2238.0,201.0,695.0,"[44.571503, 56.046519]"
163,Вологда,6318.0,1873.0,98.0,455.0,"[39.891523, 59.220501]"
164,Волоколамск,133.0,,,,"[35.955222, 56.035869]"
165,Волхов,200.0,188.0,,,"[32.352681, 59.900543]"
166,Вольск,105.0,100.0,,,"[47.387299, 52.045978]"
167,Воркута,485.0,77.0,,,"[64.050113, 67.493504]"
168,Воронеж,4261.0,13831.0,,6742.0,"[39.200296, 51.660781]"
169,Воскресенск,123.0,106.0,,100.0,"[38.673362, 55.322978]"
170,Воткинск,178.0,997.0,,,"[53.985236, 57.05232]"
171,Вурнары,148.0,,,,"[46.953431, 55.490871]"
172,Выборг,84.0,79.0,96.0,,"[28.749781, 60.710496]"
173,Выкса,168.0,1071.0,151.0,519.0,"[42.16797, 55.320688]"
174,Выльгорт,,58.0,,,"[50.768369, 61.626965]"
175,Вытегра,,82.0,,,"[36.449511, 61.006359]"
176,Вычегодский,216.0,,,,"[46.882679, 61.248149]"
177,Вышний Волочек,74.0,79.0,,,"[34.558836, 57.584174]"
178,Вязники,108.0,107.0,,,"[42.158862, 56.247026]"
179,Вязьма,278.0,487.0,,15.0,"[34.298037, 55.205944]"
180,Вятские Поляны,88.0,99.0,,,"[51.074919, 56.222896]"
181,Вятское,45.0,,,,"[48.521458, 56.778016]"
182,Гаврилов-Ям,47.0,82.0,,,"[39.853847, 57.303956]"
183,Галич,,68.0,,,"[42.34749, 58.381203]"
184,Гатчина,192.0,181.0,,,"[30.122892, 59.56841]"
185,Геленджик,36.0,,,24.0,"[38.077115, 44.561012]"
186,Георгиевск,333.0,288.0,,,"[43.474274, 44.147959]"
187,Глазов,325.0,473.0,,,"[52.674253, 58.140801]"
188,Голышманово,73.0,,,,"[68.375385, 56.396005]"
189,Горно-Алтайск,128.0,165.0,,,"[85.960634, 51.957804]"
190,Горнозаводск,46.0,45.0,,,"[58.330917, 58.374682]"
191,Горнозаводск,46.0,45.0,,,"[141.846759, 46.560619]"
192,Горный,,78.0,,,"[48.538553, 51.756147]"
193,Горняк,66.0,,,,"[81.460766, 50.999759]"
194,Городец,101.0,109.0,91.0,,"[43.47236, 56.644822]"
195,Городовиковск,,68.0,,,"[41.936052, 46.083105]"
196,Горячий Ключ,81.0,,,,"[39.136426, 44.634246]"
197,Грозный,5131.0,2766.0,,997.0,"[45.692421, 43.318366]"
198,Губаха,,161.0,,,"[57.554584, 58.837022]"
199,Губкин,1195.0,109.0,,,"[37.534757, 51.283644]"
200,Гуково,111.0,95.0,,,"[39.934929, 48.061025]"
201,Гулькевичи,148.0,146.0,,,"[40.695236, 45.360342]"
202,Гусев,253.0,209.0,,,"[22.201117, 54.591841]"
203,Гусиноозерск,,148.0,,,"[106.529323, 51.285526]"
204,Гусь-Хрустальный,,177.0,,,"[40.671045, 55.614556]"
205,Давлеканово,169.0,,,,"[55.03057, 54.212956]"
206,Дагестанские Огни,,79.0,,,"[48.193923, 42.115189]"
207,Дальнегорск,,83.0,,,"[135.576366, 44.558764]"
208,Дальнереченск,,79.0,,,"[133.726941, 45.931182]"
209,Данилов,63.0,,,,"[40.174995, 58.188193]"
210,Данков,,65.0,,,"[39.134423, 53.246197]"
211,Двинской,,4.0,,,"[45.117804, 62.154774]"
212,Дебесы,48.0,,,,"[53.806112, 57.651427]"
213,Дедовичи,89.0,,,,"[29.939717, 57.547341]"
214,Дербент,453.0,236.0,,,"[48.288776, 42.057669]"
215,Десногорск,,104.0,,,"[33.287881, 54.152351]"
216,Джанкой,154.0,,,,"[34.392872, 45.713348]"
217,Дзержинск,363.0,3086.0,,,"[43.461634, 56.238382]"
218,Дивногорск,119.0,115.0,,,"[92.380148, 55.957726]"
219,Димитровград,129.0,620.0,,,"[49.623924, 54.217515]"
220,Динская,247.0,244.0,,,"[39.223068, 45.218577]"
221,Дмитров,1149.0,132.0,,,"[37.517608, 56.342905]"
222,Добрянка,,65.0,,,"[56.403986, 58.468068]"
223,Долгодеревенское,19.0,,,,"[61.338638, 55.344183]"
224,Долгое Ледово,242.0,209.0,,,"[37.975596, 55.854966]"
225,Долгопрудный,,160.0,,2572.0,"[37.51423, 55.933302]"
226,Долинск,75.0,141.0,,,"[142.79821, 47.324133]"
227,Домашка,,35.0,,,"[50.773534, 52.985211]"
228,Домодедово,328.0,283.0,,,"[37.768004, 55.437174]"
229,Дондуковская,85.0,,,,"[40.362563, 44.87725]"
230,Донецк,140.0,146.0,,,"[39.944856, 48.337126]"
231,Донской,,141.0,,,"[38.33741, 53.968352]"
232,Дубна,,648.0,,2102.0,"[37.162189, 56.736345]"
233,Дудинка,37.0,35.0,,,"[86.164992, 69.405769]"
234,Дюртюли,,157.0,,,"[54.873472, 55.48529]"
235,Дятьково,,185.0,,85.0,"[34.339656, 53.597311]"
236,Евпатория,159.0,121.0,,,"[33.367643, 45.190635]"
237,Егорьевск,103.0,2686.0,,,"[39.035842, 55.383055]"
238,Ейск,122.0,107.0,76.0,,"[38.27266, 46.711944]"
239,Екатеринбург,8834.0,7850.0,,13211.0,"[60.597474, 56.838011]"
240,Елец,367.0,683.0,,,"[38.500446, 52.621938]"
241,Елизово,,126.0,,,"[158.382659, 53.189231]"
242,Ершов,,76.0,,,"[48.266498, 51.349829]"
243,Ессентуки,,25.0,,,"[42.85891, 44.044526]"
244,Ефремов,,102.0,,,"[38.117673, 53.137603]"
245,Жатай,,156.0,81.0,,"[129.841386, 62.163942]"
246,Железногорск,214.0,303.0,,,"[93.532264, 56.252922]"
247,Железногорск,214.0,303.0,,,"[35.350871, 52.339203]"
248,Железногорск-Илимский,58.0,56.0,,,"[104.114292, 56.584848]"
249,Жердевка,,83.0,,,"[41.469638, 51.844163]"
250,Жигулевск,51.0,43.0,,,"[49.494657, 53.40172]"
251,Жирнов,,69.0,,,"[41.124739, 48.17071]"
252,Жирновск,225.0,242.0,,,"[44.778843, 50.978718]"
253,Жуковка,40.0,47.0,,,"[33.732547, 53.533067]"
254,Заболотье,261.0,,,,"[37.673618, 55.450149]"
255,Заброды,74.0,,,,"[41.04328, 50.413472]"
256,Заволжье,,232.0,,,"[43.387164, 56.640441]"
257,Заинск,,94.0,,,"[52.000427, 55.283928]"
258,Закаменск,30.0,41.0,,,"[103.286764, 50.372602]"
259,Заречный,,193.0,,,"[45.169071, 53.196088]"
260,Заречный,,193.0,,,"[61.320349, 56.814966]"
261,Заринск,89.0,85.0,,,"[84.931488, 53.706337]"
262,Зверево,86.0,73.0,,,"[40.12301, 48.021693]"
263,Зеленогорск,81.0,78.0,,,"[94.588844, 56.113291]"
264,Зеленодольск,,692.0,260.0,,"[48.492802, 55.847048]"
265,Зерноград,190.0,,,,"[40.312824, 46.849564]"
266,Зима,,129.0,,,"[102.049065, 53.920725]"
267,Зимовники,,60.0,,,"[42.46772, 47.145376]"
268,Златоуст,992.0,873.0,,,"[59.672425, 55.173113]"
269,Зуевка,58.0,,,,"[51.133435, 58.403217]"
270,Зырянское,,50.0,,,"[86.625504, 56.829069]"
271,Зюкайка,13.0,,,,"[54.711722, 58.204913]"
272,Иваново,6734.0,3932.0,,4193.0,"[40.97393, 57.000353]"
273,Ивантеевка,,108.0,,,"[37.907414, 55.976201]"
274,Ивантеевка,,108.0,,,"[49.100323, 52.265172]"
275,Игарка,,22.0,,,"[86.567662, 67.46694]"
276,Иглино,,68.0,,,"[56.416176, 54.834496]"
277,Игрим,,78.0,,,"[64.421944, 63.196228]"
278,Ижевск,10457.0,8189.0,,2088.0,"[53.2069, 56.852676]"
279,Избербаш,156.0,,,,"[47.871087, 42.565148]"
280,Известковый,2.0,,,,"[131.547062, 48.987639]"
281,Ильинский,36.0,,,,"[55.683142, 58.572666]"
282,Инжавино,57.0,,,,"[42.4952, 52.318251]"
283,Инза,54.0,57.0,,,"[46.351649, 53.85704]"
284,Инсар,,19.0,,,"[44.372248, 53.866513]"
285,Инской,132.0,,,,"[86.42845, 54.433213]"
286,Инта,21.0,,,,"[60.115367, 66.036823]"
287,Ипатово,67.0,70.0,,,"[42.911156, 45.717425]"
288,Ирбит,52.0,137.0,,,"[63.054079, 57.68507]"
289,Иркутск,2911.0,8636.0,179.0,2841.0,"[104.280606, 52.289588]"
290,Ирша,,119.0,,,"[94.799841, 55.927644]"
291,Исилькуль,,59.0,,,"[71.262453, 54.913914]"
292,Искитим,158.0,135.0,,,"[83.306391, 54.642587]"
293,Истра,67.0,58.0,,,"[36.859017, 55.91466]"
294,Исянгулово,,27.0,,,"[56.573839, 52.192177]"
295,Ишим,156.0,139.0,,,"[69.457073, 56.109175]"
296,Ишимбай,,1838.0,,,"[56.04395, 53.454626]"
297,Йошкар-Ола,5083.0,4144.0,,2727.0,"[47.886178, 56.6316]"
298,Кавалерово,82.0,,,,"[135.057292, 44.267653]"
299,Кадом,,60.0,,,"[42.467244, 54.559078]"
300,Казанская,,41.0,,,"[41.137046, 49.794468]"
301,Казань,5194.0,16362.0,1121.0,16691.0,"[49.106414, 55.796127]"
302,Калачинск,,54.0,,,"[74.581782, 55.052613]"
303,Калининград,4427.0,2940.0,1393.0,,"[20.510137, 54.710162]"
304,Калиновка,,138.0,,,"[34.51118, 51.896474]"
305,Калиновка,,138.0,,,"[35.746525, 45.321463]"
306,Калиновская,76.0,68.0,,,"[45.521372, 43.574286]"
307,Калтан,10.0,37.0,,,"[87.27716, 53.521088]"
308,Калуга,877.0,5828.0,,3663.0,"[36.261224, 54.513845]"
309,Калязин,,95.0,,,"[37.828308, 57.241069]"
310,Камбарка,,75.0,,,"[54.193475, 56.266957]"
311,Каменка,,103.0,,92.0,"[44.046878, 53.185557]"
312,Каменск-Уральский,78.0,788.0,,127.0,"[61.917764, 56.41524]"
313,Каменск-Шахтинский,1299.0,937.0,,343.0,"[40.269534, 48.323133]"
314,Камень-на-Оби,,84.0,,,"[81.354558, 53.791492]"
315,Камызяк,,63.0,,,"[48.067548, 46.114432]"
316,Камышин,208.0,857.0,,,"[45.402166, 50.085287]"
317,Камышлов,139.0,94.0,,,"[62.707464, 56.843988]"
318,Канаш,367.0,363.0,,,"[47.491764, 55.506943]"
319,Кандалакша,65.0,83.0,,,"[32.412832, 67.151256]"
320,Канск,537.0,221.0,,,"[95.705064, 56.20505]"
321,Карабаш,,29.0,,,"[60.203087, 55.488371]"
322,Каран,,46.0,,,"[55.917054, 52.926812]"
323,Карасук,,134.0,,,"[78.04936, 53.731934]"
324,Карачев,,310.0,,,"[34.982805, 53.121594]"
325,Каргаполье,38.0,,,,"[64.434404, 55.952389]"
326,Каргат,5.0,,,,"[80.283012, 55.194486]"
327,Каргинская,,67.0,,,"[41.637632, 49.353477]"
328,Карпинск,96.0,89.0,,,"[60.001074, 59.766633]"
329,Карсун,,53.0,,,"[46.980766, 54.200786]"
330,Карталы,,512.0,,,"[60.639462, 53.053308]"
331,Касимов,96.0,166.0,62.0,,"[41.391368, 54.937288]"
332,Касли,,39.0,,,"[60.757411, 55.897337]"
333,Каспийск,133.0,395.0,,,"[47.635665, 42.890853]"
334,Катав-Ивановск,81.0,82.0,,,"[58.205836, 54.753513]"
335,Катайск,38.0,40.0,,,"[62.58365, 56.283235]"
336,Кашира,135.0,,,110.0,"[38.15154, 54.834589]"
337,Кез,60.0,,,,"[53.711933, 57.895539]"
338,Кемерово,4323.0,6879.0,,2149.0,"[86.086847, 55.355198]"
339,Кемля,,69.0,,,"[45.244063, 54.695216]"
340,Керчь,200.0,500.0,570.0,,"[36.467378, 45.356219]"
341,Кизел,40.0,39.0,,,"[57.653875, 59.04943]"
342,Кизильское,64.0,64.0,,,"[58.899641, 52.722801]"
343,Кизляр,111.0,276.0,,,"[46.710338, 43.850312]"
344,Кизнер,36.0,,,,"[51.50762, 56.286348]"
345,Ким,,81.0,,,"[54.612188, 53.897122]"
346,Кимры,,143.0,,61.0,"[37.358274, 56.872659]"
347,Кингисепп,,103.0,,,"[28.601209, 59.378053]"
348,Кинешма,,89.0,,,"[42.169525, 57.443126]"
349,Киренск,,,90.0,,"[108.110825, 57.775727]"
350,Киржач,83.0,82.0,,,"[38.871585, 56.161945]"
351,Кириши,96.0,137.0,,,"[32.008716, 59.449695]"
352,Киров,9188.0,7884.0,,4079.0,"[34.307999, 54.079614]"
353,Киров,9188.0,7884.0,,4079.0,"[49.668023, 58.603595]"
354,Кировград,33.0,30.0,,,"[60.062321, 57.431916]"
355,Кирово-Чепецк,61.0,68.0,,,"[50.043941, 58.556581]"
356,Кировск,81.0,242.0,,,"[30.981457, 59.87533]"
357,Кировск,81.0,242.0,,,"[33.668237, 67.61206]"
358,Кирс,22.0,25.0,,,"[52.241516, 59.339991]"
359,Киселевск,,159.0,,,"[86.636688, 54.006025]"
360,Кисловодск,134.0,139.0,,34.0,"[42.715718, 43.905518]"
361,Кичкасс,,65.0,,,"[54.407956, 52.31639]"
362,Клинцы,105.0,121.0,,,"[32.233852, 52.753143]"
363,Ковров,419.0,3004.0,,848.0,"[41.310933, 56.362506]"
364,Ковылкино,98.0,68.0,,,"[43.91505, 54.0379]"
365,Когалым,53.0,61.0,,,"[74.482761, 62.264069]"
366,Кодинск,54.0,51.0,,,"[99.179712, 58.603412]"
367,Кожевниково,,27.0,,,"[83.968862, 56.259493]"
368,Козулька,,33.0,,,"[91.391983, 56.165469]"
369,Козьмодемьянск,62.0,,,,"[46.547222, 56.332631]"
370,Коленово,21.0,,,,"[45.108156, 57.404768]"
371,Коломна,680.0,998.0,136.0,498.0,"[38.765556, 55.095956]"
372,Колышлей,,44.0,,,"[44.530944, 52.697617]"
373,Кольчугино,,87.0,,,"[39.376501, 56.293647]"
374,Коммунар,,74.0,,,"[30.393483, 59.621609]"
375,Коммунар,,74.0,,,"[37.738602, 51.850795]"
376,Комсомольск-на-Амуре,2650.0,2495.0,544.0,1435.0,"[137.008685, 50.550055]"
377,Комсомольский,56.0,56.0,,,"[45.827967, 54.440497]"
378,Конаково,130.0,51.0,,,"[36.779354, 56.713242]"
379,Константиновск,110.0,,,,"[41.096694, 47.577341]"
380,Копейск,144.0,207.0,,,"[61.611574, 55.115697]"
381,Копьево,45.0,,,,"[89.824063, 54.996061]"
382,Кораблино,,56.0,,,"[40.034463, 53.926817]"
383,Кореновск,216.0,213.0,,,"[39.448033, 45.462742]"
384,Коркино,103.0,214.0,,,"[61.393049, 54.892493]"
385,Королев,356.0,540.0,,,"[37.815211, 55.918953]"
386,Королёв,,1552.0,,3054.0,"[37.815211, 55.918953]"
387,Коряжма,58.0,59.0,,,"[47.159864, 61.315335]"
388,Костомукша,,85.0,,,"[30.596637, 64.587358]"
389,Кострома,1188.0,2410.0,,1029.0,"[40.926894, 57.767918]"
390,Котельнич,84.0,,,,"[48.346313, 58.305095]"
391,Котлас,118.0,120.0,157.0,,"[46.633226, 61.252975]"
392,Котовск,,61.0,,,"[41.50575, 52.59292]"
393,Кочубеевское,90.0,,,,"[41.82423, 44.690728]"
394,Кошурниково,74.0,,,,"[93.380709, 54.307836]"
395,Красная Пойма,106.0,92.0,,,"[39.081889, 55.003105]"
396,Красноармейск,,39.0,,,"[38.141578, 56.120342]"
397,Красноармейск,,39.0,,,"[45.695178, 51.023973]"
398,Красноармейское,,37.0,,,"[50.034823, 52.710292]"
399,Красноборск,,49.0,,,"[45.944111, 61.55949]"
400,Красновишерск,,10.0,,,"[57.083301, 60.412825]"
401,Красногвардейское,95.0,,,,"[39.589635, 45.143718]"
402,Красногвардейское,95.0,,,,"[34.294587, 45.494852]"
403,Красногорск,176.0,152.0,,,"[37.330399, 55.831003]"
404,Краснодар,21720.0,6248.0,,5076.0,"[38.975313, 45.03547]"
405,Красное Поле,79.0,78.0,,,"[40.693691, 44.894224]"
406,Краснокаменск,91.0,155.0,,73.0,"[118.034146, 50.098683]"
407,Краснокамск,111.0,108.0,,,"[55.736376, 58.078362]"
408,Красномайский,,98.0,,,"[34.414818, 57.62227]"
409,Краснотурьинск,,64.0,,,"[60.193574, 59.763534]"
410,Красноуральск,,53.0,,,"[60.038749, 58.356726]"
411,Красноуфимск,,147.0,,,"[57.770791, 56.617928]"
412,Красноярск,3292.0,8199.0,1080.0,8148.0,"[92.852572, 56.010569]"
413,Красные Баки,,24.0,,,"[45.166619, 57.127364]"
414,Красные Баррикады,,,59.0,,"[47.858618, 46.204584]"
415,Красный Кут,102.0,,,,"[46.968118, 50.951263]"
416,Красный Октябрь,,19.0,,,"[64.811292, 55.652695]"
417,Красный Сулин,161.0,137.0,,,"[40.057495, 47.893519]"
418,Красный Яр,77.0,32.0,40.0,,"[48.021312, 56.033435]"
419,Красный Яр,77.0,32.0,40.0,,"[50.389343, 53.498062]"
420,Красный Яр,77.0,32.0,40.0,,"[48.349233, 46.534259]"
421,Кропоткин,235.0,232.0,,,"[40.576003, 45.434693]"
422,Крымск,208.0,398.0,,,"[37.987894, 44.935414]"
423,Кстово,200.0,217.0,,,"[44.206805, 56.150665]"
424,Кубанский,73.0,72.0,,,"[40.58009, 45.92922]"
425,Кудымкар,203.0,197.0,,,"[54.664183, 59.014548]"
426,Куеда,31.0,,,,"[55.591352, 56.430106]"
427,Кузнецк,116.0,239.0,,,"[46.601174, 53.119335]"
428,Куйбышев,135.0,116.0,,,"[78.311111, 55.445972]"
429,Кулебаки,94.0,102.0,,,"[42.512492, 55.429716]"
430,Кулун,,42.0,,,"[89.783666, 55.332673]"
431,Кумены,47.0,,,,"[49.903076, 58.103851]"
432,Кумертау,1121.0,1197.0,,,"[55.796698, 52.756185]"
433,Кунгур,281.0,69.0,,,"[56.944215, 57.42881]"
434,Курган,448.0,2498.0,,1345.0,"[65.341118, 55.441004]"
435,Курсавка,76.0,,,,"[42.503563, 44.459468]"
436,Курск,9370.0,4401.0,,549.0,"[36.193015, 51.730846]"
437,Кушнаренково,60.0,,,,"[55.33297, 55.1012]"
438,Кущевская,,74.0,,,"[39.628191, 46.565699]"
439,Кызыл,2263.0,444.0,,,"[94.43799, 51.71989]"
440,Кыштым,,102.0,,,"[60.538958, 55.707882]"
441,Кяхта,52.0,,,,"[106.449903, 50.35522]"
442,Лабинск,126.0,124.0,,,"[40.723578, 44.635715]"
443,Лабытнанги,91.0,126.0,,,"[66.37993, 66.660883]"
444,Лагань,,77.0,,,"[47.354142, 45.392903]"
445,Лангепас,79.0,90.0,,,"[75.180725, 61.253706]"
446,Ленинградская,102.0,100.0,,,"[39.392886, 46.320553]"
447,Лениногорск,85.0,983.0,,,"[52.442676, 54.599028]"
448,Ленинск,97.0,105.0,,,"[45.199228, 48.693682]"
449,Ленск,,156.0,,,"[114.911853, 60.713735]"
450,Лермонтов,523.0,,,,"[42.973184, 44.10535]"
451,Лесной,,837.0,,268.0,"[59.79863, 58.635513]"
452,Лесосибирск,130.0,754.0,,,"[92.503666, 58.221733]"
453,Ливны,149.0,807.0,,,"[37.60805, 52.426549]"
454,Ликино-Дулево,179.0,277.0,,,"[38.958712, 55.707086]"
455,Липецк,5493.0,4534.0,,1856.0,"[39.599229, 52.608826]"
456,Лиски,55.0,215.0,,150.0,"[39.497099, 50.987304]"
457,Лодейное Поле,49.0,,,,"[33.543183, 60.734305]"
458,Локоть,100.0,,,,"[34.577036, 52.560927]"
459,Луга,65.0,62.0,,,"[29.847945, 58.735207]"
460,Луховицы,,108.0,,,"[39.02605, 54.96515]"
461,Лысково,62.0,67.0,,,"[45.040971, 56.021362]"
462,Лысьва,700.0,790.0,,112.0,"[57.811664, 58.100417]"
463,Лыткарино,,112.0,,,"[37.908986, 55.579302]"
464,Люберцы,110.0,95.0,,,"[37.893328, 55.676748]"
465,Любим,43.0,40.0,,,"[40.686882, 58.362004]"
466,Лянтор,,115.0,,,"[72.155361, 61.620667]"
467,Маар,214.0,,,,"[120.358159, 63.433869]"
468,Магадан,1006.0,101.0,,,"[150.808586, 59.565155]"
469,Магнитогорск,4596.0,4564.0,,2407.0,"[58.980291, 53.407163]"
470,Майкоп,3196.0,1040.0,,1782.0,"[40.105852, 44.606683]"
471,Майский,,85.0,,,"[44.051756, 43.628254]"
472,Майский,,85.0,,,"[36.455233, 50.523238]"
473,Максатиха,,21.0,,,"[35.869864, 57.795725]"
474,Малояз,,54.0,,,"[58.155889, 55.179724]"
475,Мангут,,24.0,,,"[112.672713, 49.695882]"
476,Мариинский Посад,54.0,,,,"[47.718661, 56.113707]"
477,Маркс,82.0,,,,"[46.740144, 51.712591]"
478,Маслянино,82.0,,,,"[84.210671, 54.345142]"
479,Массандра,137.0,148.0,,,"[34.186035, 44.514701]"
480,Махачкала,6236.0,651.0,,322.0,"[47.504745, 42.9831]"
481,Мегион,,79.0,,,"[76.102621, 61.03289]"
482,Медвенка,,28.0,,,"[36.109148, 51.419546]"
483,Медногорск,,133.0,,,"[57.582944, 51.403446]"
484,Междуреченск,160.0,156.0,,,"[88.080398, 53.685199]"
485,Междуреченский,33.0,38.0,,,"[65.900364, 59.596753]"
486,Мелеуз,374.0,1410.0,,18.0,"[55.927672, 52.959143]"
487,Мензелинск,75.0,,,,"[53.101429, 55.719972]"
488,Миасс,820.0,771.0,,1045.0,"[60.109599, 55.050432]"
489,Микунь,,110.0,,,"[50.082532, 62.356493]"
490,Миллерово,,47.0,,,"[40.394849, 48.92173]"
491,Минеральные Воды,2017.0,,,433.0,"[43.13834, 44.208806]"
492,Минусинск,164.0,,,,"[91.686981, 53.710015]"
493,Мирный,60.0,96.0,,55.0,"[113.978701, 62.541028]"
494,Мирный,60.0,96.0,,55.0,"[40.326613, 62.761555]"
495,Мирный,60.0,96.0,,55.0,"[61.733762, 55.251501]"
496,Михайловка,3006.0,281.0,,,"[43.23445, 50.07938]"
497,Михайловка,3006.0,281.0,,,"[55.889629, 54.807658]"
498,Михайловск,101.0,104.0,,,"[59.125926, 56.444862]"
499,Михайловск,101.0,104.0,,,"[42.028803, 45.129667]"
500,Михайловское,,67.0,,,"[44.62975, 43.099153]"
501,Михайловское,,67.0,,,"[79.721223, 51.820014]"
502,Мичуринск,419.0,451.0,,656.0,"[40.49802, 52.893913]"
503,Мичуринский,,209.0,,,"[34.235424, 53.274777]"
504,Мишкино,43.0,,,,"[55.964081, 55.532497]"
505,Мишкино,43.0,,,,"[63.914342, 55.337307]"
506,Можга,63.0,71.0,,,"[52.213022, 56.440244]"
507,Моздок,,100.0,,105.0,"[44.653887, 43.735433]"
508,Моздок,,100.0,,105.0,"[44.653887, 43.735433]"
509,Мокшан,66.0,,,,"[44.608109, 53.440114]"
510,Мончегорск,67.0,86.0,,111.0,"[32.937071, 67.938921]"
511,Морки,2.0,,,,"[48.998733, 56.428897]"
512,Моршанск,108.0,,,,"[41.811627, 53.443611]"
513,Москва,36136.0,57536.0,2620.0,60524.0,"[37.617644, 55.755819]"
514,Московское,82.0,85.0,,,"[41.918652, 45.284999]"
515,Мостовской,53.0,,,,"[40.790278, 44.414363]"
516,Мраково,,27.0,,,"[56.621163, 52.715502]"
517,Муравленко,,86.0,,,"[74.494457, 63.795285]"
518,Мурманск,952.0,1224.0,3029.0,442.0,"[33.074918, 68.970663]"
519,Муром,831.0,1368.0,,,"[42.052411, 55.579174]"
520,Мценск,488.0,313.0,,,"[36.575006, 53.278939]"
521,Мыски,,,,158.0,"[87.805747, 53.712514]"
522,Мытищи,4309.0,3871.0,,1423.0,"[37.736743, 55.909968]"
523,Набережные Челны,4706.0,8410.0,,1560.0,"[52.403662, 55.741272]"
524,Надеждино,,24.0,,,"[50.373479, 54.117218]"
525,Надым,77.0,107.0,,,"[72.540055, 65.527025]"
526,Назарово,128.0,164.0,,,"[90.417697, 56.012345]"
527,Назрань,1004.0,,,,"[44.768485, 43.231409]"
528,Называевск,,65.0,,,"[71.349186, 55.564821]"
529,Нальчик,5697.0,1472.0,,1493.0,"[43.607081, 43.485259]"
530,Нариманов,,,28.0,,"[47.854405, 46.689553]"
531,Наро-Фоминск,,99.0,,,"[36.72285, 55.383838]"
532,Нарьян-Мар,37.0,44.0,,39.0,"[53.006926, 67.63805]"
533,Наумовка,,85.0,,,"[55.91709, 53.519964]"
534,Находка,113.0,315.0,182.0,,"[132.89282, 42.824043]"
535,Невель,,36.0,,,"[29.91725, 56.017483]"
536,Невельск,,213.0,89.0,,"[141.856596, 46.671673]"
537,Невинномысск,485.0,1818.0,,,"[41.936061, 44.638287]"
538,Невьянск,,86.0,,,"[60.218251, 57.491225]"
539,Нелидово,43.0,45.0,,,"[32.772042, 56.225553]"
540,Нерехта,62.0,,,,"[40.572563, 57.460544]"
541,Нерчинск,,150.0,,,"[116.585693, 51.977058]"
542,Нерюнгри,585.0,160.0,,91.0,"[124.712311, 56.657717]"
543,Нефтегорск,50.0,42.0,,,"[51.163808, 52.797221]"
544,Нефтекамск,487.0,706.0,,25.0,"[54.247751, 56.088483]"
545,Нефтеюганск,323.0,369.0,,155.0,"[72.616403, 61.088255]"
546,Нижневартовск,985.0,844.0,,17.0,"[76.558902, 60.938545]"
547,Нижнекамск,508.0,1276.0,,721.0,"[51.819712, 55.637576]"
548,Нижнеудинск,129.0,125.0,,,"[99.026387, 54.901238]"
549,Нижний Бестях,136.0,136.0,,,"[129.907763, 61.95847]"
550,Нижний Ломов,,125.0,,,"[43.672999, 53.530049]"
551,Нижний Новгород,4849.0,9032.0,4032.0,5184.0,"[44.006516, 56.326797]"
552,Нижний Тагил,1205.0,1518.0,,416.0,"[59.971474, 57.907562]"
553,Нижняя Салда,,39.0,,,"[60.716331, 58.07149]"
554,Никель,,40.0,,,"[30.210065, 69.410035]"
555,Николаевка,,36.0,,,"[47.207986, 53.129051]"
556,Николаевск,,72.0,,,"[45.45911, 50.025878]"
557,Николаевск-на-Амуре,34.0,33.0,,,"[140.713795, 53.14025]"
558,Никольск,80.0,,,,"[45.45849, 59.530416]"
559,Никольск,80.0,,,,"[46.084356, 53.71447]"
560,Новая Усмань,69.0,74.0,,,"[39.410268, 51.643447]"
561,Новоалтайск,326.0,164.0,,125.0,"[83.931079, 53.412021]"
562,Новоаннинский,,51.0,,,"[42.667083, 50.529606]"
563,Новобелокатай,,50.0,,,"[58.959199, 55.70771]"
564,Нововаршавка,43.0,,,,"[74.692374, 54.174323]"
565,Нововоронеж,,112.0,,,"[39.215981, 51.3091]"
566,Новодвинск,46.0,46.0,,,"[40.82083, 64.413687]"
567,Новозыбков,,82.0,,38.0,"[31.933231, 52.536723]"
568,Новоильинск,,95.0,,,"[108.707621, 51.68243]"
569,Новокузнецк,3942.0,3350.0,,1441.0,"[87.136053, 53.757553]"
570,Новокуйбышевск,,485.0,,,"[49.947776, 53.099469]"
571,Новомосковск,213.0,2040.0,,241.0,"[38.291057, 54.010914]"
572,Новоомский,,86.0,,,"[73.301, 54.841371]"
573,Новопавловск,,49.0,,,"[43.63191, 43.957369]"
574,Новороссийск,1174.0,592.0,2148.0,,"[37.768813, 44.723771]"
575,Новосевастопольское,32.0,,,,"[39.706093, 45.06191]"
576,Новосибирск,7856.0,9480.0,1631.0,8821.0,"[82.92043, 55.030204]"
577,Новотроицк,291.0,959.0,,,"[58.299683, 51.196355]"
578,Новоуральск,110.0,424.0,,76.0,"[60.095613, 57.247235]"
579,Новохоперск,,55.0,,,"[41.631461, 51.100286]"
580,Новочебоксарск,100.0,297.0,,,"[47.476807, 56.108738]"
581,Новочеркасск,6874.0,8097.0,,2784.0,"[40.093734, 47.422052]"
582,Новошахтинск,466.0,84.0,,,"[39.934705, 47.754315]"
583,Новый Быт,,137.0,,,"[37.605122, 55.059817]"
584,Новый Уренгой,309.0,303.0,,,"[76.680956, 66.084539]"
585,Ногинск,,182.0,,171.0,"[38.441866, 55.854476]"
586,Нолинск,38.0,,,,"[49.935721, 57.559713]"
587,Норильск,1060.0,868.0,,,"[88.210393, 69.343985]"
588,Ноябрьск,81.0,240.0,,,"[75.450938, 63.201805]"
589,Нытва,31.0,30.0,,,"[55.328631, 57.939127]"
590,Нягань,93.0,106.0,,,"[65.433393, 62.14681]"
591,Нязепетровск,33.0,33.0,,,"[59.595449, 56.053924]"
592,Облучье,55.0,,,,"[131.05969, 49.020287]"
593,Обнинск,,125.0,,,"[36.586459, 55.11202]"
594,Обоянь,,60.0,,,"[36.267638, 51.209893]"
595,Одинцово,121.0,104.0,,,"[37.263663, 55.679138]"
596,Озерный,79.0,,,,"[41.886672, 48.361897]"
597,Озерск,142.0,144.0,,63.0,"[60.707608, 55.763189]"
598,Озеры,,78.0,,,"[38.559833, 54.854092]"
599,Октябрьск,290.0,,,,"[48.670677, 53.164038]"
600,Октябрьский,465.0,1420.0,,,"[53.46557, 54.481454]"
601,Октябрьский,465.0,1420.0,,,"[43.171829, 61.089321]"
602,Октябрьское,,54.0,,,"[62.728988, 54.412296]"
603,Олекминск,140.0,,,,"[120.403084, 60.372981]"
604,Оленегорск,39.0,49.0,,,"[33.270104, 68.14046]"
605,Омск,12810.0,4697.0,2863.0,9398.0,"[73.368221, 54.989347]"
606,Омутнинск,42.0,48.0,,,"[52.177161, 58.66406]"
607,Онега,,73.0,,,"[38.086655, 63.914485]"
608,Опочка,,62.0,,,"[28.658926, 56.713993]"
609,Ордынское,48.0,,,,"[81.899575, 54.367147]"
610,Орел,368.0,539.0,,311.0,"[36.064358, 52.970756]"
611,Оренбург,8250.0,5129.0,,2540.0,"[55.096964, 51.768205]"
612,Орехово-Зуево,222.0,191.0,,,"[38.981601, 55.805842]"
613,Орлов,7.0,8.0,,,"[48.89284, 58.539037]"
614,Орловский,46.0,,,,"[42.053031, 46.872893]"
615,Орск,278.0,1280.0,,174.0,"[58.474675, 51.2293]"
616,Осинники,181.0,32.0,,,"[87.337078, 53.598754]"
617,Осташков,47.0,50.0,,,"[33.102873, 57.15605]"
618,Остров,74.0,,,,"[28.352349, 57.342186]"
619,Острогожск,86.0,92.0,,,"[39.082365, 50.860145]"
620,Отрадный,167.0,142.0,,,"[51.348789, 53.376549]"
621,Оха,,224.0,,,"[142.949163, 53.588974]"
622,Очер,49.0,47.0,,,"[54.716096, 57.885268]"
623,Павлово,,173.0,,,"[43.064848, 55.965103]"
624,Павловск,98.0,,,,"[40.130439, 50.453624]"
625,Павловск,98.0,,,,"[82.98951, 53.313535]"
626,Павловский Посад,139.0,120.0,,,"[38.650976, 55.78034]"
627,Палана,,20.0,,,"[159.951307, 59.082834]"
628,Палласовка,34.0,,,,"[46.880407, 50.050172]"
629,Парабель,,37.0,,,"[81.489871, 58.703203]"
630,Параньга,36.0,,,,"[49.40249, 56.706612]"
631,Парковый,118.0,116.0,,,"[40.146869, 45.838031]"
632,Партизанск,54.0,56.0,,,"[133.123255, 43.11982]"
633,Пеледуй,,,48.0,,"[112.751441, 59.631696]"
634,Пенза,2265.0,4699.0,,4726.0,"[45.018316, 53.195042]"
635,Первомайск,,155.0,,,"[43.801386, 54.867632]"
636,Первомайский,53.0,178.0,,,"[37.503837, 54.036483]"
637,Первомайский,53.0,178.0,,,"[51.641055, 51.903798]"
638,Первомайский,53.0,178.0,,,"[61.174696, 54.865622]"
639,Первомайский,53.0,178.0,,,"[115.63833, 51.669294]"
640,Первомайское,,54.0,,,"[42.481536, 43.938113]"
641,Первомайское,,54.0,,,"[84.020812, 53.723059]"
642,Первомайское,,54.0,,,"[86.234952, 57.073198]"
643,Первоуральск,83.0,249.0,,,"[59.943267, 56.905819]"
644,Перевоз,124.0,134.0,,,"[44.54494, 55.596854]"
645,Переславль-Залесский,,88.0,,,"[38.854382, 56.739194]"
646,Пермь,4685.0,3691.0,949.0,2961.0,"[56.229443, 58.010455]"
647,Пестравка,,24.0,,,"[49.962167, 52.40377]"
648,Петровск,,223.0,,,"[45.38994, 52.314028]"
649,Петрозаводск,3462.0,1361.0,643.0,134.0,"[34.346878, 61.785021]"
650,Петропавловка,,35.0,,,"[105.317631, 50.610055]"
651,Петропавловск-Камчатский,164.0,843.0,2952.0,449.0,"[158.643503, 53.024265]"
652,Петушки,48.0,48.0,,,"[39.459352, 55.931104]"
653,Печора,71.0,83.0,91.0,,"[57.223977, 65.148606]"
654,Пласт,,91.0,,,"[60.808408, 54.363281]"
655,Плесецк,36.0,36.0,,,"[40.281194, 62.710039]"
656,Побединское,,112.0,,,"[45.438386, 43.401471]"
657,Подольск,187.0,161.0,,152.0,"[37.544997, 55.431136]"
658,Подпорожье,55.0,52.0,,,"[34.167952, 60.912097]"
659,Покачи,,31.0,,,"[75.599753, 61.741652]"
660,Покровка,46.0,48.0,,,"[53.874707, 51.98986]"
661,Покровка,46.0,48.0,,,"[131.635555, 43.950906]"
662,Полевской,169.0,157.0,,,"[60.236307, 56.495802]"
663,Полесск,121.0,100.0,,,"[21.109888, 54.862782]"
664,Полысаево,,134.0,,,"[86.280901, 54.605443]"
665,Полярные Зори,,56.0,,72.0,"[32.500975, 67.365788]"
666,Полярный,,,34.0,,"[33.437235, 69.197402]"
667,Поронайск,31.0,,,,"[143.100852, 49.221421]"
668,Похвистнево,38.0,32.0,,,"[52.123038, 53.653394]"
669,Пошехонье,,44.0,,,"[39.120481, 58.503857]"
670,Преображенский,34.0,,,,"[43.825632, 54.381753]"
671,Приморский,83.0,89.0,169.0,,"[35.488098, 45.115886]"
672,Приозерск,,67.0,,,"[30.115589, 61.035979]"
673,Прогресс,,20.0,,,"[54.721783, 56.24402]"
674,Прокопьевск,250.0,410.0,,,"[86.750055, 53.884493]"
675,Пролетарск,,67.0,,,"[41.727544, 46.703855]"
676,Протвино,,765.0,,,"[37.2151, 54.864969]"
677,Пруды,,110.0,,,"[165.889368, 67.396381]"
678,Псков,1914.0,1071.0,,278.0,"[28.33246, 57.819274]"
679,Пугачев,65.0,60.0,,,"[48.812036, 52.0119]"
680,Пышма,46.0,,,,"[63.238566, 56.95087]"
681,Пятигорск,1569.0,,,348.0,"[43.070643, 44.039802]"
682,Радужный,,72.0,,,"[40.332605, 55.995659]"
683,Радужный,,72.0,,,"[77.458448, 62.134265]"
684,Райчихинск,103.0,125.0,,,"[129.411255, 49.794114]"
685,Ракитное,,53.0,,,"[35.831389, 50.834383]"
686,Раменское,,180.0,,,"[38.225004, 55.567586]"
687,Ревда,139.0,92.0,,,"[59.908718, 56.800084]"
688,Реж,89.0,83.0,,,"[61.391648, 57.373777]"
689,Реутов,251.0,217.0,,,"[37.85515, 55.760515]"
690,Рефтинский,6.0,,,,"[61.680142, 57.088988]"
691,Ржев,,163.0,,,"[34.334419, 56.263017]"
692,Ровеньки,,,,41.0,"[38.891985, 49.914716]"
693,Родники,70.0,,,,"[41.733366, 57.107152]"
694,Рославль,112.0,92.0,,,"[32.857498, 53.947229]"
695,Россошь,97.0,363.0,,,"[39.562632, 50.198256]"
696,Ростов,84.0,79.0,,,"[39.414526, 57.18587]"
697,Ростов-на-Дону,6987.0,7068.0,4951.0,10971.0,"[39.720358, 47.222078]"
698,Рошаль,53.0,46.0,,,"[39.862768, 55.663283]"
699,Ртищево,248.0,78.0,,,"[43.785657, 52.257455]"
700,Рубцовск,774.0,735.0,,,"[81.217673, 51.527623]"
701,Рудня,,66.0,,,"[31.081763, 54.948013]"
702,Рудня,,66.0,,,"[44.556384, 50.801559]"
703,Рузаевка,,2452.0,,99.0,"[44.94911, 54.058274]"
704,Рыбинск,70.0,3035.0,737.0,963.0,"[38.855711, 58.04864]"
705,Рыбное,,75.0,,,"[39.505463, 54.730812]"
706,Рыбное,,75.0,,,"[37.619782, 56.41525]"
707,Рыльск,63.0,,,,"[34.681052, 51.571263]"
708,Ряжск,252.0,,,,"[40.062894, 53.708949]"
709,Рязань,5838.0,4359.0,,2070.0,"[39.741917, 54.629565]"
710,Савали,83.0,,,,"[50.634835, 56.536356]"
711,Саки,135.0,,,,"[33.600154, 45.132013]"
712,Салават,307.0,1480.0,,,"[55.924681, 53.361651]"
713,Салехард,77.0,,49.0,,"[66.614507, 66.529866]"
714,Сальск,157.0,133.0,,,"[41.541503, 46.474898]"
715,Самара,4309.0,14092.0,544.0,8120.0,"[50.100202, 53.195878]"
716,Сангар,49.0,,,,"[127.466429, 63.923465]"
717,Санкт-Петербург,18623.0,46722.0,5778.0,30460.0,"[30.315877, 59.939099]"
718,Саранск,5007.0,720.0,,1394.0,"[45.183938, 54.187433]"
719,Сарапул,308.0,985.0,,,"[53.803687, 56.461218]"
720,Саратов,10396.0,7598.0,98.0,5835.0,"[46.034266, 51.533562]"
721,Саров,125.0,2676.0,,,"[43.344853, 54.922793]"
722,Сасово,82.0,,,,"[41.924087, 54.349933]"
723,Сатка,,110.0,,,"[58.974578, 55.047456]"
724,Сафоново,,190.0,,,"[33.23798, 55.106057]"
725,Саяногорск,862.0,204.0,,,"[91.412204, 53.100762]"
726,Светлый,36.0,137.0,,,"[20.131093, 54.673268]"
727,Светлый,36.0,137.0,,,"[113.426974, 63.049927]"
728,Светогорск,34.0,32.0,,,"[28.865879, 61.113731]"
729,Свирск,,56.0,,,"[103.342253, 53.066572]"
730,Свобода,,49.0,,,"[36.304738, 51.973774]"
731,Свободный,559.0,128.0,,,"[128.134156, 51.375889]"
732,Севастополь,383.0,197.0,552.0,,"[33.525135, 44.616495]"
733,Северобайкальск,48.0,67.0,,,"[109.335597, 55.636001]"
734,Северодвинск,278.0,2015.0,4024.0,604.0,"[39.823781, 64.563386]"
735,Североонежск,16.0,,,,"[39.840471, 62.590793]"
736,Североуральск,,73.0,,,"[59.952161, 60.152394]"
737,Северск,,591.0,,,"[84.880913, 56.60319]"
738,Селенгинск,56.0,78.0,,,"[106.862616, 52.005386]"
739,Семенов,63.0,68.0,,,"[44.49034, 56.789017]"
740,Семилуки,,110.0,,,"[39.020211, 51.69463]"
741,Сергач,38.0,,,,"[45.465228, 55.531035]"
742,Сергиев Посад,239.0,206.0,,,"[38.135972, 56.315311]"
743,Сердобск,,79.0,,,"[44.202735, 52.455683]"
744,Серноводск,124.0,111.0,,,"[51.255759, 53.921982]"
745,Серов,,264.0,,,"[60.573588, 59.605395]"
746,Серп и Молот,,73.0,,,"[42.492235, 50.851121]"
747,Серпухов,349.0,302.0,,,"[37.416601, 54.913681]"
748,Сибай,285.0,259.0,,,"[58.665665, 52.72039]"
749,Сим,,192.0,,,"[57.687184, 54.988469]"
750,Симферополь,1262.0,925.0,,,"[34.100327, 44.948237]"
751,Скопин,84.0,,,,"[39.54939, 53.82359]"
752,Славянка,,88.0,,,"[131.385581, 42.865001]"
753,Славянск-на-Кубани,216.0,,,,"[38.12822, 45.260332]"
754,Сланцы,89.0,84.0,,,"[28.088145, 59.11779]"
755,Слобода,,168.0,,,"[40.29351, 51.13569]"
756,Смоленск,1139.0,1873.0,,,"[32.045287, 54.782635]"
757,Снежинск,94.0,861.0,,,"[60.732707, 56.087303]"
758,Снежное,45.0,,,,"[57.179502, 56.503155]"
759,Советск,83.0,179.0,,,"[21.888656, 55.081034]"
760,Советск,83.0,179.0,,,"[48.959521, 57.587599]"
761,Советск,83.0,179.0,,,"[37.626636, 53.932946]"
762,Советская Гавань,44.0,42.0,,,"[140.285128, 48.966446]"
763,Советский,,110.0,,,"[63.566802, 61.370766]"
764,Советский,,110.0,,,"[34.929005, 45.340396]"
765,Советский,,110.0,,,"[63.566802, 61.370766]"
766,Совхоз Мамадышский,87.0,84.0,,,"[51.385494, 55.707699]"
767,Сокол,93.0,92.0,,,"[40.099986, 59.460972]"
768,Сокольское,95.0,,,,"[43.159746, 57.141617]"
769,Соликамск,220.0,328.0,,118.0,"[56.770391, 59.649193]"
770,Солнечногорск,329.0,284.0,,268.0,"[36.977631, 56.185107]"
771,Солнечный,59.0,,,,"[136.641983, 50.723258]"
772,Соль-Илецк,,59.0,,,"[54.980031, 51.161986]"
773,Сорочинск,,69.0,,,"[53.161149, 52.431316]"
774,Сортавала,54.0,,,,"[30.691633, 61.702943]"
775,Сосенский,,78.0,,,"[35.966038, 54.059489]"
776,Сосково,,14.0,,,"[35.386445, 52.748434]"
777,Сосновка,,,20.0,,"[51.284334, 56.253757]"
778,Сосновоборск,,267.0,,,"[93.335434, 56.120211]"
779,Сосновоборск,,267.0,,,"[46.247184, 53.299168]"
780,Сосновское,69.0,75.0,,,"[43.168307, 55.804369]"
781,Сосновское,69.0,75.0,,,"[73.161366, 54.598439]"
782,Сосновый Бор,131.0,123.0,,,"[29.09221, 59.904225]"
783,Сосногорск,124.0,146.0,,,"[53.873117, 63.600002]"
784,Сочи,2942.0,,,,"[39.723098, 43.585472]"
785,Спас-Клепики,,41.0,,,"[40.17628, 55.131167]"
786,Спасск-Дальний,142.0,148.0,,,"[132.817568, 44.597647]"
787,Спасск-Рязанский,68.0,,,,"[40.380988, 54.403896]"
788,Ставрополь,6609.0,1825.0,,425.0,"[41.96911, 45.043317]"
789,Старая Русса,63.0,126.0,,,"[31.355461, 57.99072]"
790,Стародеревянковская,127.0,,,,"[38.965809, 46.125839]"
791,Стародуб,62.0,,,,"[32.760355, 52.585277]"
792,Староминская,71.0,70.0,,,"[39.062629, 46.538766]"
793,Старосубхангулово,,22.0,,,"[57.441612, 53.102183]"
794,Старощербиновская,109.0,,,,"[38.666787, 46.633433]"
795,Старый Оскол,934.0,2957.0,,521.0,"[37.833231, 51.297974]"
796,Степное,,76.0,,,"[46.844169, 51.377801]"
797,Степное Озеро,144.0,,,,"[79.854237, 52.779766]"
798,Стерлитамак,499.0,2041.0,,1105.0,"[55.930825, 53.630403]"
799,Стрежевой,,66.0,,,"[77.604011, 60.732867]"
800,Стрелецкий,,196.0,,,"[35.973655, 53.011729]"
801,Строитель,214.0,66.0,,,"[36.486998, 50.785172]"
802,Строитель,214.0,66.0,,,"[36.058771, 55.498296]"
803,Строитель,214.0,66.0,,,"[41.450028, 52.649155]"
804,Ступино,119.0,608.0,,97.0,"[38.078237, 54.88628]"
805,Субханкулово,,74.0,,,"[53.808277, 54.556175]"
806,Сунжа,33.0,,,,"[45.047682, 43.320353]"
807,Сунтар,30.0,30.0,,,"[117.647601, 62.160619]"
808,Сураж,49.0,,,,"[32.393043, 53.013891]"
809,Сургут,2213.0,549.0,,856.0,"[73.393032, 61.241778]"
810,Суровикино,63.0,68.0,,,"[42.844249, 48.60538]"
811,Сухиничи,41.0,40.0,,,"[35.337981, 54.101551]"
812,Сухой Лог,129.0,89.0,,,"[62.035542, 56.905431]"
813,Сызрань,424.0,2623.0,,244.0,"[48.474611, 53.155669]"
814,Сыктывкар,913.0,1017.0,,354.0,"[50.836497, 61.668797]"
815,Тавда,57.0,52.0,,,"[65.272604, 58.041876]"
816,Таврическое,52.0,,,,"[73.638021, 54.584469]"
817,Таганрог,629.0,1820.0,,159.0,"[38.936694, 47.208735]"
818,Тайшет,,71.0,,,"[98.002982, 55.940502]"
819,Талица,213.0,,,,"[63.733394, 57.014273]"
820,Тальменка,105.0,,,,"[83.569229, 53.817308]"
821,Тамбов,5706.0,4682.0,,2148.0,"[41.45275, 52.721295]"
822,Тара,,75.0,,,"[74.371981, 56.901838]"
823,Тарасовский,,71.0,,,"[40.356095, 48.727189]"
824,Татарск,187.0,,,,"[75.973371, 55.219447]"
825,Татаурово,31.0,,,,"[107.438382, 52.140704]"
826,Таштып,45.0,,,,"[89.892434, 52.801032]"
827,Тверь,7982.0,2399.0,,1781.0,"[35.91186, 56.859625]"
828,Тевриз,,58.0,,,"[72.404652, 57.516669]"
829,Тейково,105.0,,,,"[40.535471, 56.85436]"
830,Темрюк,,254.0,,215.0,"[37.365388, 45.282044]"
831,Тербуны,,148.0,,,"[38.279963, 52.147475]"
832,Терек,,79.0,,,"[44.140267, 43.483865]"
833,Техникумовский,17.0,19.0,,,"[36.355844, 52.470514]"
834,Тикси,,24.0,,,"[128.870855, 71.639263]"
835,Тимашевск,63.0,,,,"[38.933973, 45.6142]"
836,Тихвин,124.0,116.0,,,"[33.542105, 59.644213]"
837,Тихорецк,250.0,,,352.0,"[40.123171, 45.852784]"
838,Тобольск,169.0,1085.0,50.0,,"[68.253995, 58.200891]"
839,Тогучин,,32.0,,,"[84.402874, 55.238018]"
840,Тольятти,6544.0,4596.0,,1453.0,"[49.420411, 53.507852]"
841,Томск,2895.0,13007.0,198.0,9385.0,"[84.947649, 56.484645]"
842,Торбеево,,96.0,,,"[43.245958, 54.074511]"
843,Торжок,60.0,63.0,,,"[34.960149, 57.041338]"
844,Тосно,52.0,,,,"[30.875006, 59.541179]"
845,Тотьма,103.0,,,,"[42.758873, 59.973487]"
846,Трехгорный,81.0,82.0,,,"[58.44662, 54.814652]"
847,Троицк,61.0,62.0,,,"[61.559004, 54.082757]"
848,Троицкое,87.0,,,,"[84.678325, 52.98211]"
849,Трубчевск,91.0,106.0,,,"[33.766082, 52.579083]"
850,Трудобеликовский,2.0,,,,"[38.150516, 45.266193]"
851,Туапсе,175.0,,,,"[39.073382, 44.095245]"
852,Туймазы,126.0,115.0,,,"[53.694955, 54.600708]"
853,Тула,6007.0,1729.0,,1480.0,"[37.617348, 54.193122]"
854,Тулун,75.0,72.0,,,"[100.578047, 54.55712]"
855,Тура,,61.0,,,"[100.20778, 64.270386]"
856,Туринск,,56.0,,,"[63.690814, 58.052474]"
857,Туринская Слобода,,55.0,,,"[64.387467, 57.618062]"
858,Тутаев,44.0,,,,"[39.530714, 57.8688]"
859,Тучково,,44.0,,,"[36.47187, 55.600857]"
860,Тында,128.0,,,156.0,"[124.73644, 55.149666]"
861,Тюмень,3839.0,6706.0,319.0,4701.0,"[65.541227, 57.152985]"
862,Тяжинский,,64.0,,,"[88.517194, 56.110731]"
863,Ува,117.0,,,,"[52.18768, 56.982882]"
864,Уварово,75.0,58.0,,,"[42.261009, 51.983105]"
865,Углич,,113.0,,,"[38.319372, 57.526597]"
866,Удомля,,76.0,,,"[35.005739, 57.871648]"
867,Узловая,108.0,122.0,,361.0,"[38.160308, 53.97844]"
868,Улан-Удэ,3066.0,2784.0,,1137.0,"[107.584547, 51.834809]"
869,Улькан,,26.0,,,"[107.793846, 55.908555]"
870,Ульяновск,4128.0,3240.0,,2326.0,"[48.403132, 54.314192]"
871,Унеча,178.0,,,,"[32.670676, 52.845115]"
872,Урай,,100.0,,,"[64.803225, 60.128955]"
873,Урняк,72.0,,,,"[50.003193, 56.233169]"
874,Урюпинск,,90.0,,,"[41.995593, 50.79451]"
875,Усинск,84.0,99.0,,,"[57.55701, 65.994148]"
876,Усмань,109.0,,,,"[39.736069, 52.043386]"
877,Усогорск,28.0,,,,"[48.7067, 63.429314]"
878,Усолье-Сибирское,,154.0,,,"[103.637332, 52.757095]"
879,Успенское,72.0,,,,"[41.392473, 44.830917]"
880,Уссурийск,754.0,297.0,,309.0,"[131.952122, 43.797247]"
881,Усть-Илимск,,60.0,,,"[102.733519, 57.942686]"
882,Усть-Камчатск,,10.0,,,"[162.536137, 56.239683]"
883,Усть-Катав,,83.0,,,"[58.174709, 54.930289]"
884,Усть-Кут,,,434.0,,"[105.74539, 56.780882]"
885,Усть-Лабинск,83.0,,,,"[39.691225, 45.213657]"
886,Уфа,6159.0,13559.0,367.0,7141.0,"[55.958736, 54.735152]"
887,Ухта,2102.0,1283.0,,1014.0,"[53.663999, 63.566006]"
888,Учалы,163.0,,,,"[59.379152, 54.316497]"
889,Феодосия,256.0,138.0,,,"[35.383911, 45.026654]"
890,Фокино,121.0,140.0,,,"[34.415923, 53.455436]"
891,Фокино,121.0,140.0,,,"[132.410936, 42.97407]"
892,Фролово,116.0,,,,"[43.649185, 49.765605]"
893,Фурманов,76.0,,,,"[41.106189, 57.252601]"
894,Хабаровск,11551.0,2582.0,452.0,2595.0,"[135.071917, 48.480229]"
895,Хандыга,,164.0,,,"[135.563053, 62.653533]"
896,Ханты-Мансийск,1034.0,122.0,132.0,,"[69.046866, 61.035726]"
897,Ханты-Мансийск,1034.0,122.0,132.0,,"[69.018911, 61.003184]"
898,Хасавюрт,138.0,388.0,,,"[46.585526, 43.248524]"
899,Хвойная,,46.0,,,"[34.530781, 58.896724]"
900,Хворостянка,,79.0,,,"[48.964929, 52.615344]"
901,Химки,,169.0,,160.0,"[37.444853, 55.889361]"
902,Хлопуново,,71.0,,,"[82.019545, 52.072413]"
903,Холмск,44.0,83.0,142.0,,"[142.042017, 47.040819]"
904,Хоногор,45.0,45.0,,,"[130.120367, 62.4684]"
905,Хор,,54.0,,,"[134.963041, 47.885839]"
906,Хоронхой,34.0,47.0,,,"[106.148195, 50.474158]"
907,Цивильск,159.0,157.0,,,"[47.465309, 55.864899]"
908,Чадан,96.0,106.0,,,"[91.567406, 51.28294]"
909,Чайковский,553.0,896.0,,,"[54.14881, 56.778081]"
910,Чапаевск,154.0,131.0,,,"[49.710217, 52.981709]"
911,Чебаркуль,,52.0,,,"[60.37012, 54.97779]"
912,Чебоксары,6705.0,3665.0,,3862.0,"[47.247728, 56.139918]"
913,Чегдомын,,37.0,,,"[133.035948, 51.133904]"
914,Чекмагуш,59.0,,,,"[54.651759, 55.139725]"
915,Челябинск,11248.0,3465.0,,2338.0,"[61.402554, 55.159902]"
916,Черемхово,104.0,70.0,,,"[103.090096, 53.136917]"
917,Черемшан,,29.0,,,"[51.505616, 54.654704]"
918,Череповец,2034.0,1919.0,21.0,916.0,"[37.90347, 59.122612]"
919,Черкесск,1944.0,1072.0,,,"[42.048279, 44.228374]"
920,Черногорск,267.0,266.0,,,"[91.306005, 53.827013]"
921,Черноярская,63.0,60.0,,,"[44.34687, 43.692884]"
922,Чернушка,164.0,159.0,,,"[56.07637, 56.516015]"
923,Чернянка,,44.0,,53.0,"[37.804134, 50.940917]"
924,Черский,,30.0,,,"[161.323816, 68.755809]"
925,Чистополь,,74.0,60.0,104.0,"[50.643575, 55.372339]"
926,Чита,3014.0,678.0,,416.0,"[113.501049, 52.033635]"
927,Чишмы,41.0,,,,"[55.380266, 54.589336]"
928,Чкаловск,,82.0,68.0,,"[43.251105, 56.766257]"
929,Чудово,84.0,,,,"[31.678136, 59.121666]"
930,Чунский,,42.0,,,"[99.6619, 56.088298]"
931,Чусовой,77.0,75.0,,,"[57.808053, 58.305058]"
932,Шадринск,110.0,117.0,,,"[63.629747, 56.087042]"
933,Шаран,86.0,,,,"[54.005781, 54.820052]"
934,Шарыпово,103.0,99.0,,,"[89.18016, 55.53909]"
935,Шарья,67.0,,,,"[45.518264, 58.369854]"
936,Шатура,,122.0,,,"[39.544575, 55.577577]"
937,Шахты,4087.0,2691.0,,844.0,"[40.215401, 47.709237]"
938,Шахунья,85.0,,,,"[46.612933, 57.676341]"
939,Шебекино,72.0,231.0,,,"[36.879319, 50.404344]"
940,Шелехов,85.0,82.0,,,"[104.097395, 52.210209]"
941,Шемышейка,,43.0,,,"[45.397881, 52.889919]"
942,Шлиссельбург,128.0,120.0,146.0,,"[31.034754, 59.944959]"
943,Шолоховский,70.0,59.0,,,"[41.046505, 48.282732]"
944,Шумерля,83.0,81.0,,,"[46.417846, 55.497934]"
945,Шумиха,109.0,,,,"[63.28571, 55.228726]"
946,Шушенское,,94.0,,,"[91.935643, 53.333763]"
947,Шуя,193.0,141.0,,,"[41.384622, 56.854404]"
948,Щекино,,152.0,,119.0,"[37.518165, 54.001574]"
949,Щигры,,66.0,,,"[36.912341, 51.873243]"
950,Эгвекинот,12.0,21.0,,,"[177.339555, 68.08756]"
951,Электроизолятор,183.0,,,,"[38.501137, 55.586237]"
952,Электросталь,496.0,503.0,,476.0,"[38.444858, 55.78445]"
953,Элиста,1605.0,84.0,,,"[44.269759, 46.307743]"
954,Энгельс,321.0,2168.0,,135.0,"[46.124052, 51.50105]"
955,Энергетик,57.0,,,,"[58.795813, 51.743663]"
956,Югорск,88.0,101.0,,,"[63.331964, 61.314917]"
957,Южно-Сахалинск,909.0,535.0,,,"[142.729587, 46.957771]"
958,Южноуральск,85.0,86.0,,,"[61.268237, 54.442455]"
959,Юрга,106.0,897.0,,,"[84.933878, 55.713557]"
960,Юрьев-Польский,34.0,,,,"[39.680823, 56.49925]"
961,Юрьевец,92.0,,,,"[43.110842, 57.318321]"
962,Юрюзань,,71.0,,,"[58.425276, 54.853677]"
963,Ютановка,,,,46.0,"[37.796768, 50.4909]"
964,Якутск,6443.0,1474.0,126.0,259.0,"[129.732178, 62.027221]"
965,Ялуторовск,229.0,204.0,,,"[66.312215, 56.654694]"
966,Яныль,76.0,,,,"[50.578519, 56.253447]"
967,Яровое,54.0,51.0,,,"[78.580049, 52.919743]"
968,Ярославль,3522.0,2846.0,,2636.0,"[39.893813, 57.626559]"
969,Ярославский,35.0,,,,"[132.225012, 44.185359]"
970,Ярцево,47.0,50.0,,,"[32.688292, 55.066123]"
971,Ясногорск,,119.0,,,"[37.693354, 54.479293]"
972,Ясногорск,,119.0,,,"[115.692013, 50.87397]"
973,имени Карла Либкнехта,,65.0,,,"[35.479339, 51.623467]"
